,sepal_length,sepal_width,petal_length,petal_width,species,cluster
0,5.1,3.5,1.4,0.2,setosa,1
1,4.9,3.0,1.4,0.2,setosa,2
2,4.7,3.2,1.3,0.2,setosa,2
3,4.6,3.1,1.5,0.2,setosa,2
4,5.0,3.6,1.4,0.2,setosa,1
5,5.4,3.9,1.7,0.4,setosa,1
6,4.6,3.4,1.4,0.3,setosa,2
7,5.0,3.4,1.5,0.2,setosa,1
8,4.4,2.9,1.4,0.2,setosa,2
9,4.9,3.1,1.5,0.1,setosa,2
10,5.4,3.7,1.5,0.2,setosa,1
11,4.8,3.4,1.6,0.2,setosa,2
12,4.8,3.0,1.4,0.1,setosa,2
13,4.3,3.0,1.1,0.1,setosa,2
14,5.8,4.0,1.2,0.2,setosa,1
15,5.7,4.4,1.5,0.4,setosa,1
16,5.4,3.9,1.3,0.4,setosa,1
17,5.1,3.5,1.4,0.3,setosa,1
18,5.7,3.8,1.7,0.3,setosa,1
19,5.1,3.8,1.5,0.3,setosa,1
20,5.4,3.4,1.7,0.2,setosa,1
21,5.1,3.7,1.5,0.4,setosa,1
22,4.6,3.6,1.0,0.2,setosa,1
23,5.1,3.3,1.7,0.5,setosa,2
24,4.8,3.4,1.9,0.2,setosa,2
25,5.0,3.0,1.6,0.2,setosa,2
26,5.0,3.4,1.6,0.4,setosa,1
27,5.2,3.5,1.5,0.2,setosa,1
28,5.2,3.4,1.4,0.2,setosa,1
29,4.7,3.2,1.6,0.2,setosa,2
30,4.8,3.1,1.6,0.2,setosa,2
31,5.4,3.4,1.5,0.4,setosa,1
32,5.2,4.1,1.5,0.1,setosa,1
33,5.5,4.2,1.4,0.2,setosa,1
34,4.9,3.1,1.5,0.1,setosa,2
35,5.0,3.2,1.2,0.2,setosa,2
36,5.5,3.5,1.3,0.2,setosa,1
37,4.9,3.1,1.5,0.1,setosa,2
38,4.4,3.0,1.3,0.2,setosa,2
39,5.1,3.4,1.5,0.2,setosa,1
40,5.0,3.5,1.3,0.3,setosa,1
41,4.5,2.3,1.3,0.3,setosa,2
42,4.4,3.2,1.3,0.2,setosa,2
43,5.0,3.5,1.6,0.6,setosa,1
44,5.1,3.8,1.9,0.4,setosa,1
45,4.8,3.0,1.4,0.3,setosa,2
46,5.1,3.8,1.6,0.2,setosa,1
47,4.6,3.2,1.4,0.2,setosa,2
48,5.3,3.7,1.5,0.2,setosa,1
49,5.0,3.3,1.4,0.2,setosa,2
50,7.0,3.2,4.7,1.4,versicolor,0
51,6.4,3.2,4.5,1.5,versicolor,0
52,6.9,3.1,4.9,1.5,versicolor,0
53,5.5,2.3,4.0,1.3,versicolor,3
54,6.5,2.8,4.6,1.5,versicolor,3
55,5.7,2.8,4.5,1.3,versicolor,3
56,6.3,3.3,4.7,1.6,versicolor,0
57,4.9,2.4,3.3,1.0,versicolor,3
58,6.6,2.9,4.6,1.3,versicolor,0
59,5.2,2.7,3.9,1.4,versicolor,3
60,5.0,2.0,3.5,1.0,versicolor,3
61,5.9,3.0,4.2,1.5,versicolor,3
62,6.0,2.2,4.0,1.0,versicolor,3
63,6.1,2.9,4.7,1.4,versicolor,3
64,5.6,2.9,3.6,1.3,versicolor,3
65,6.7,3.1,4.4,1.4,versicolor,0
66,5.6,3.0,4.5,1.5,versicolor,3
67,5.8,2.7,4.1,1.0,versicolor,3
68,6.2,2.2,4.5,1.5,versicolor,3
69,5.6,2.5,3.9,1.1,versicolor,3
70,5.9,3.2,4.8,1.8,versicolor,0
71,6.1,2.8,4.0,1.3,versicolor,3
72,6.3,2.5,4.9,1.5,versicolor,3
73,6.1,2.8,4.7,1.2,versicolor,3
74,6.4,2.9,4.3,1.3,versicolor,3
75,6.6,3.0,4.4,1.4,versicolor,0
76,6.8,2.8,4.8,1.4,versicolor,0
77,6.7,3.0,5.0,1.7,versicolor,0
78,6.0,2.9,4.5,1.5,versicolor,3
79,5.7,2.6,3.5,1.0,versicolor,3
80,5.5,2.4,3.8,1.1,versicolor,3
81,5.5,2.4,3.7,1.0,versicolor,3
82,5.8,2.7,3.9,1.2,versicolor,3
83,6.0,2.7,5.1,1.6,versicolor,3
84,5.4,3.0,4.5,1.5,versicolor,3
85,6.0,3.4,4.5,1.6,versicolor,0
86,6.7,3.1,4.7,1.5,versicolor,0
87,6.3,2.3,4.4,1.3,versicolor,3
88,5.6,3.0,4.1,1.3,versicolor,3
89,5.5,2.5,4.0,1.3,versicolor,3
90,5.5,2.6,4.4,1.2,versicolor,3
91,6.1,3.0,4.6,1.4,versicolor,3
92,5.8,2.6,4.0,1.2,versicolor,3
93,5.0,2.3,3.3,1.0,versicolor,3
94,5.6,2.7,4.2,1.3,versicolor,3
95,5.7,3.0,4.2,1.2,versicolor,3
96,5.7,2.9,4.2,1.3,versicolor,3
97,6.2,2.9,4.3,1.3,versicolor,3
98,5.1,2.5,3.0,1.1,versicolor,3
99,5.7,2.8,4.1,1.3,versicolor,3
100,6.3,3.3,6.0,2.5,virginica,0
101,5.8,2.7,5.1,1.9,virginica,3
102,7.1,3.0,5.9,2.1,virginica,0
103,6.3,2.9,5.6,1.8,virginica,0
104,6.5,3.0,5.8,2.2,virginica,0
105,7.6,3.0,6.6,2.1,virginica,0
106,4.9,2.5,4.5,1.7,virginica,3
107,7.3,2.9,6.3,1.8,virginica,0
108,6.7,2.5,5.8,1.8,virginica,0
109,7.2,3.6,6.1,2.5,virginica,0
110,6.5,3.2,5.1,2.0,virginica,0
111,6.4,2.7,5.3,1.9,virginica,0
112,6.8,3.0,5.5,2.1,virginica,0
113,5.7,2.5,5.0,2.0,virginica,3
114,5.8,2.8,5.1,2.4,virginica,0
115,6.4,3.2,5.3,2.3,virginica,0
116,6.5,3.0,5.5,1.8,virginica,0
117,7.7,3.8,6.7,2.2,virginica,0
118,7.7,2.6,6.9,2.3,virginica,0
119,6.0,2.2,5.0,1.5,virginica,3
120,6.9,3.2,5.7,2.3,virginica,0
121,5.6,2.8,4.9,2.0,virginica,3
122,7.7,2.8,6.7,2.0,virginica,0
123,6.3,2.7,4.9,1.8,virginica,3
124,6.7,3.3,5.7,2.1,virginica,0
125,7.2,3.2,6.0,1.8,virginica,0
126,6.2,2.8,4.8,1.8,virginica,3
127,6.1,3.0,4.9,1.8,virginica,0
128,6.4,2.8,5.6,2.1,virginica,0
129,7.2,3.0,5.8,1.6,virginica,0
130,7.4,2.8,6.1,1.9,virginica,0
131,7.9,3.8,6.4,2.0,virginica,0
132,6.4,2.8,5.6,2.2,virginica,0
133,6.3,2.8,5.1,1.5,virginica,3
134,6.1,2.6,5.6,1.4,virginica,3
135,7.7,3.0,6.1,2.3,virginica,0
136,6.3,3.4,5.6,2.4,virginica,0
137,6.4,3.1,5.5,1.8,virginica,0
138,6.0,3.0,4.8,1.8,virginica,0
139,6.9,3.1,5.4,2.1,virginica,0
140,6.7,3.1,5.6,2.4,virginica,0
141,6.9,3.1,5.1,2.3,virginica,0
142,5.8,2.7,5.1,1.9,virginica,3
143,6.8,3.2,5.9,2.3,virginica,0
144,6.7,3.3,5.7,2.5,virginica,0
145,6.7,3.0,5.2,2.3,virginica,0
146,6.3,2.5,5.0,1.9,virginica,3
147,6.5,3.0,5.2,2.0,virginica,0
148,6.2,3.4,5.4,2.3,virginica,0
149,5.9,3.0,5.1,1.8,virginica,0
