index,species,island,bill_length_mm,bill_depth_mm,flipper_length_mm,body_mass_g,sex,year
8,Adelie,Torgersen,34.1,18.1,193.0,3475.0,,2007
9,Adelie,Torgersen,42.0,20.2,190.0,4250.0,,2007
10,Adelie,Torgersen,37.8,17.1,186.0,3300.0,,2007
11,Adelie,Torgersen,37.8,17.3,180.0,3700.0,,2007
47,Adelie,Dream,37.5,18.9,179.0,2975.0,,2007
178,Gentoo,Biscoe,44.5,14.3,216.0,4100.0,,2007
218,Gentoo,Biscoe,46.2,14.4,214.0,4650.0,,2008
256,Gentoo,Biscoe,47.3,13.8,216.0,4725.0,,2009
268,Gentoo,Biscoe,44.5,15.7,217.0,4875.0,,2009
