species,island,sex,year,bill_length_mm,bill_depth_mm,flipper_length_mm,body_mass_g
Chinstrap,Biscoe,female,2007,43.76978147750832,14.41608815773099,204.23421063361965,4825.559793045402
Adelie,Biscoe,male,2008,45.853175159385884,18.723629295089754,195.70561653068214,3467.839740419488
Chinstrap,Torgersen,male,2009,39.252221244081404,16.864654890192856,205.52772163024005,4640.443780908441
Gentoo,Dream,female,2007,49.68645628969535,17.26716898160913,214.0868096003856,5172.165988804154
Adelie,Biscoe,female,2007,53.573203165267415,16.80789491967731,209.62994050672617,4334.849972047149
Chinstrap,Dream,female,2009,46.438271394412695,16.369664733772144,205.27827850790317,4260.030133025319
Gentoo,Biscoe,male,2007,37.53811104471195,17.90229453254457,199.21619651102156,3900.8315904587694
Gentoo,Dream,male,2007,48.24273509026982,14.506855371439528,199.5233065362016,3756.228548
Adelie,Biscoe,female,2008,40.25354933248738,16.032768020087648,196.68612595298637,3497.042914213771
Adelie,Biscoe,female,2008,42.86044251682652,18.56822019737095,194.33875352788706,3769.270313631508
Chinstrap,Torgersen,female,2008,51.43086333768827,15.257943225543924,219.54959206147745,5001.931721183595
Chinstrap,Dream,female,2009,38.330087277220564,14.246164893679522,192.8094916433903,4007.085360159435
Gentoo,Torgersen,female,2009,46.655336567484284,16.35137250387561,220.28344274199773,6009.363959068603
Gentoo,Biscoe,male,2008,49.99423123,17.66904141,214.32282850115075,5502.601548041404
Adelie,Biscoe,female,2008,36.83184033669946,18.86103028590973,174.01168671617913,2908.0598502708026
Adelie,Torgersen,female,2008,40.654738954430115,14.799571936609102,202.98178549312829,3934.2638916137726
Chinstrap,Dream,male,2008,37.52063037293527,17.76236346460917,190.16384480886947,3593.2412206886393
Adelie,Biscoe,male,2009,57.47423909982689,13.163394810353655,242.6729119693632,5874.475778040567
Adelie,Dream,female,2007,45.09635943,16.258129348548838,189.4404979250811,3633.5338972798427
Gentoo,Biscoe,female,2007,39.90018081340375,14.977477303553293,208.52713773294758,4827.169408275159
Chinstrap,Dream,female,2009,42.21501180091805,18.130749998592776,207.5866984094964,4693.020054691354
Chinstrap,Biscoe,male,2009,34.24303290818207,18.145418368884016,180.07097754793156,3226.8052128586437
Adelie,Dream,male,2009,40.07041452835512,14.6404834,194.43320487866646,4289.808788565722
Adelie,Torgersen,female,2008,48.06213365411898,18.230692028521055,185.33632566337724,2579.2646367666007
Adelie,Dream,male,2009,43.785412599490414,16.838345533127672,204.90545019507036,4331.403179355056
Adelie,Biscoe,male,2007,49.02034195086794,18.005826169771375,211.96257116623917,5050.607044619099
Adelie,Dream,male,2009,46.75972588,16.693997736552028,213.78076717601016,4835.895230525952
Gentoo,Biscoe,female,2009,42.04535381305898,19.398943464931445,200.68701722974606,3844.8751467002435
Chinstrap,Dream,female,2009,46.16307328334721,16.50100340293887,192.19886052561515,3767.4200621520645
Gentoo,Biscoe,male,2009,46.78546441980877,17.29515179267721,208.28473235530686,4433.281404560358
Chinstrap,Biscoe,male,2009,49.550735586233365,15.821596034022551,227.55580895613008,5587.496842732349
Chinstrap,Biscoe,male,2007,42.990447528100475,12.69623627064524,211.11489770789623,4475.747522770272
Adelie,Biscoe,male,2007,38.18148705,17.281051278650672,178.99188335724108,2859.7750981023064
Adelie,Biscoe,female,2009,44.39580084639124,18.355379318790884,211.0601738329786,4562.732800999999
Gentoo,Torgersen,female,2009,44.08627942430129,19.479582705270463,197.85022249788355,3961.068330748868
Adelie,Biscoe,female,2009,53.274451325644804,15.839515885905676,222.37543466158985,5706.214933021923
Adelie,Dream,male,2008,47.12647219308771,16.71337071,220.1281475056935,5615.402401866559
Gentoo,Dream,male,2007,45.45880848829842,16.17652949060083,197.93518260721817,4185.815518698195
Chinstrap,Dream,male,2009,42.22020784391791,12.82060499115737,213.99692248871034,5191.434687388453
Chinstrap,Torgersen,female,2008,49.014989803093655,17.611331358324907,195.27535755324632,3539.7464832702135
Gentoo,Biscoe,male,2007,53.06213675109264,13.71997817134193,216.67397049483907,5303.6886827945145
Adelie,Biscoe,female,2008,49.13590562952635,16.796448844834796,204.4620069179287,3893.9104323433585
Gentoo,Dream,female,2007,43.13144337459987,17.89296041169361,206.14272024656987,4796.783156985562
Adelie,Biscoe,male,2009,53.813077650913684,16.42265215194945,218.39150726287252,5092.720968815478
Adelie,Dream,female,2007,43.98418662848384,16.96302932346748,198.34830883994206,4009.7702462713123
Adelie,Dream,female,2009,58.57579213166684,17.107913618395028,205.92867177035123,3992.340996185812
Chinstrap,Biscoe,male,2008,52.10827934651561,17.303860486610127,221.8289539871645,5228.826586
Gentoo,Dream,male,2008,45.05960467310793,16.24899817,203.2738721651729,4660.213114845782
Gentoo,Dream,male,2009,46.17600534372001,16.267546212581475,207.61471086240726,4405.318014946751
Adelie,Dream,male,2008,39.79904026,18.27358432819625,188.21486735558807,3352.8917215427855
Adelie,Biscoe,female,2007,36.281051224263415,13.731827890475405,202.5666097587577,4585.4437415869015
Adelie,Biscoe,male,2009,40.592881199601685,14.293327865740903,204.23481024114074,4599.434167365588
Gentoo,Torgersen,female,2009,38.147623275462664,15.837912439456826,198.45172473825994,4222.464949383211
Gentoo,Biscoe,female,2007,48.292992789358756,17.740329120578288,210.22749437310273,4155.948240757064
Adelie,Biscoe,male,2007,50.079013765545575,18.182419660756914,201.11443728041954,4083.2595596480405
Chinstrap,Dream,female,2007,47.89526619,16.716372608472405,213.39290228878028,4578.257262437364
Gentoo,Dream,male,2009,41.34181580662704,17.787997058746097,208.54064713078463,4866.933807630748
Chinstrap,Biscoe,male,2009,40.45602615,15.808765634115927,197.49576380441155,3605.371829673976
Adelie,Torgersen,female,2008,57.11071265579045,15.473004105941826,241.6742640741985,6504.094813
Chinstrap,Dream,female,2007,39.424501569713435,18.40802251508773,188.77196836526556,3860.0685488420154
Gentoo,Torgersen,female,2009,44.866777643565726,17.124605824981884,214.73939191885862,4809.332980291547
Chinstrap,Dream,male,2009,48.41281087174535,14.950986222184357,215.29092091465094,4950.283149542226
Adelie,Torgersen,male,2009,41.607712429417155,19.02398363756648,194.1512611601216,4296.6466993230715
Gentoo,Biscoe,female,2007,51.64088955478701,12.430354004629553,230.23167509711877,4956.404686365602
Adelie,Dream,male,2007,44.83830317348469,19.209740401455026,202.35467865050094,4806.004819074278
Adelie,Biscoe,male,2007,49.015977372087136,17.49736902482803,214.78285550327647,4880.598214195318
Adelie,Biscoe,male,2008,57.58054391162896,16.392801273156934,220.46893195428532,5542.343048750635
Chinstrap,Biscoe,male,2008,43.81490558815054,17.00079122611946,197.44170579924287,4689.390235
Gentoo,Dream,male,2007,39.65106658,15.807683970165332,188.7512983156363,3850.8768037713057
Adelie,Dream,male,2009,49.98422744822956,13.565976978248498,208.99435597420415,5233.955518239938
Gentoo,Biscoe,female,2008,41.99707892119549,18.43753477055677,186.4870173421977,3615.110794669307
Adelie,Biscoe,female,2009,47.88560306728769,19.51852325,204.10734529002406,4321.783639231409
Gentoo,Dream,male,2007,42.28082053813335,12.457137334647227,197.88254024040137,3536.0857232286926
Gentoo,Biscoe,male,2007,35.63722348220461,17.226314831969496,185.7244552322299,3280.2800968943784
Chinstrap,Biscoe,male,2008,47.56318095081662,15.451983869891064,218.52352223444564,5319.7086858335915
Adelie,Biscoe,female,2009,46.73274733,15.77182909867564,200.4303385572517,4238.326096125565
Adelie,Biscoe,male,2009,40.91572472305151,18.690682365901466,197.57222898006637,3437.0377721519008
Adelie,Biscoe,female,2007,43.06499708274912,13.67303198753459,211.90097830058292,4999.074575
Gentoo,Dream,female,2008,49.85541102424365,15.99700823507846,219.72369801716252,5213.684089
Chinstrap,Dream,male,2007,46.58092947029119,17.322308536627425,209.4581326244734,4420.408084650937
Chinstrap,Biscoe,male,2009,43.466683725471135,16.322675233656703,194.97325202618873,3924.2987288063637
Adelie,Biscoe,female,2008,44.63703900814333,16.48219712011201,184.4725649,2960.746775363097
Adelie,Dream,female,2007,38.40038474351287,18.59072128638796,200.1265448374371,3824.6495843460075
Gentoo,Biscoe,male,2009,43.58401270449654,18.15611646713505,203.78200469882623,3989.9609123372393
Adelie,Biscoe,male,2008,50.89106148,16.05330893747921,213.34980334590063,4523.8280632151955
Adelie,Torgersen,male,2009,44.290037561513785,17.765464661794677,198.09785811965514,4000.1446008887942
Adelie,Biscoe,female,2007,40.807391647651336,15.756425434384694,208.75913234669926,4000.733239796843
Chinstrap,Dream,male,2009,48.78468033974305,15.706921216266807,210.73567447015384,4732.4118703684435
Adelie,Biscoe,female,2007,48.11018025205017,17.707583595340676,206.6414275636019,5004.0816917868715
Gentoo,Dream,male,2009,32.41461903317127,17.672258401416567,183.25415227327085,3730.679870005326
Adelie,Dream,male,2009,50.93505906478628,17.638281634243693,215.2230696772134,5246.332082696868
Adelie,Biscoe,male,2008,33.68646192888371,18.824076132410333,181.74033661710183,3876.075407699808
Chinstrap,Dream,female,2009,36.18544598315464,21.007700275754488,176.93328045992635,2594.109975119385
Adelie,Biscoe,female,2009,38.91673104462565,17.507135626628852,206.93850421797333,5454.138669935088
Adelie,Biscoe,male,2007,44.22367355624055,17.308476702917247,208.8133062246419,4795.351721269163
Gentoo,Torgersen,female,2008,44.40840039870147,15.864435073271594,212.31601111622444,4212.7420778828255
Chinstrap,Biscoe,male,2007,51.084310389840766,16.73487084736162,216.70848136822315,4207.875226
Adelie,Biscoe,male,2009,43.79860255429493,19.15413914646122,187.19868088873974,4480.867562301879
Gentoo,Torgersen,male,2009,39.54531626527379,18.850285015550092,165.3735322267016,1741.0316007404545
Gentoo,Dream,female,2007,35.30092065205113,15.903774689983075,205.82345540430757,4215.371991151418
Gentoo,Dream,male,2008,38.310957469045185,18.239864964381606,174.45484051875434,2956.279108541421
Gentoo,Torgersen,female,2007,39.109807248239534,14.91063423232909,201.12231009173817,4973.252394524243
Gentoo,Biscoe,female,2007,60.70664194458908,14.002644154803583,236.55662055296867,5980.112268170455
Chinstrap,Dream,female,2007,46.82482023020573,12.881848506675912,216.1665618717942,5412.016455205144
Gentoo,Biscoe,female,2008,48.84311557434514,21.023531582417725,194.45984050409396,3507.6973461324424
Adelie,Biscoe,female,2008,54.42970292629029,16.005669269531882,220.92744101786994,4668.526012064958
Adelie,Dream,female,2007,49.66841075331653,14.718697608867814,210.45648458936782,4371.936355431169
Gentoo,Biscoe,female,2009,43.05633641650774,18.711244227245594,187.4260995394881,3498.2981253186426
Gentoo,Dream,male,2007,38.12954939478712,20.142305462811482,170.2668913067485,2580.1507015373963
Gentoo,Biscoe,female,2009,44.95503391267532,17.394681149563226,215.65804371579554,4610.269005074639
Adelie,Torgersen,male,2008,41.49536535937347,18.50628608202998,185.7654339857357,3514.6394019719355
Chinstrap,Biscoe,male,2007,59.79082994858482,16.551609845492994,216.26019113568748,5867.888099268239
Chinstrap,Biscoe,female,2009,39.20834789876407,17.808302972744862,195.50542313328063,4278.392536008591
Chinstrap,Dream,male,2007,36.86743929,17.44249634237718,199.3860404377721,4439.645598761854
Adelie,Biscoe,female,2007,40.02878836404549,12.746484712099507,213.11346903928123,4104.904640299239
Adelie,Torgersen,male,2008,41.04784465,17.019551115913877,189.00377571078565,3769.0207381751006
Chinstrap,Torgersen,male,2007,45.885655627400844,19.957333810988878,190.7652168426587,3562.799626540722
Adelie,Biscoe,male,2007,38.601774097972076,21.312615526005583,169.18914985799216,2043.4062939759287
Adelie,Torgersen,male,2009,45.80524134815205,16.22022122418519,217.56804136773317,4876.559095007653
Adelie,Biscoe,male,2009,37.61226070082743,19.567212068919005,187.70867211569987,3297.761801625019
Adelie,Dream,male,2008,42.592990240054796,17.567821134004966,202.6667913339439,3957.6111943113538
Chinstrap,Dream,male,2008,43.393363639844715,18.69653141525919,198.4914074876555,4004.7690749679355
Gentoo,Biscoe,male,2008,40.205581009111846,18.446833763014133,198.01606324162458,4092.9817124522924
Gentoo,Biscoe,male,2007,39.84063575345793,16.953717417492502,196.30592961975043,3480.745805361139
Adelie,Biscoe,male,2008,46.74088837033642,21.868583010618977,174.8625986108545,3218.1178617213545
Adelie,Biscoe,female,2007,39.45871244846547,15.965910438314808,184.95457381232762,2789.624978487917
Gentoo,Biscoe,male,2009,44.368080585959234,14.781425074337232,203.3259144763621,3732.4518627635607
Chinstrap,Biscoe,male,2008,37.57802009340738,19.241835618955943,184.7426121,3483.7563649229623
Adelie,Torgersen,female,2009,48.76766269551695,12.116094618207244,229.2548752905543,5690.488765419916
Adelie,Torgersen,male,2009,36.50463086,18.207266850426052,196.8008054209447,3842.5603783726024
Adelie,Biscoe,female,2007,48.47326171357061,17.449627600771507,226.36329662106039,5169.657089579889
Adelie,Dream,female,2009,53.09266427183877,13.994347043128094,213.99820644726628,5126.982448645305
Adelie,Biscoe,male,2009,53.30381986700735,19.420596253635452,214.69474129315495,4449.577821480982
Adelie,Dream,male,2008,42.65922733006593,15.999255384918536,187.65925157659652,3779.1368720354358
Adelie,Dream,female,2007,46.896477545283474,16.673123106322755,207.79484828756767,4201.795130734342
Adelie,Dream,female,2008,41.48651722590817,15.216768744615536,201.02507131680795,3815.639290908446
Gentoo,Dream,male,2009,45.755408212450654,19.23765365143836,205.13299185652116,4321.313357174418
Adelie,Biscoe,female,2007,40.626742988125386,19.728570409034553,190.72309809530142,3740.360948268524
Gentoo,Dream,female,2009,35.92845269453275,18.78261908844564,188.10320290112136,3725.4309376117417
Chinstrap,Dream,female,2007,40.50966585043018,16.34425105497292,196.48325413116282,3651.7003256631447
Gentoo,Biscoe,female,2008,39.38928169371684,17.90624945803554,189.91829118941016,3440.5293893825647
Gentoo,Dream,female,2009,40.80382814039352,17.407145795036524,197.28963390685163,3174.7512099950995
Adelie,Torgersen,male,2009,48.61867313042013,20.970032525904745,201.53872485034623,5076.7438349382655
Adelie,Dream,female,2008,52.578465208425094,15.908883094333383,226.03799537498148,5301.12883
Gentoo,Torgersen,male,2007,55.21709469559948,16.20392085492121,224.66768313631752,5483.38285
Chinstrap,Dream,male,2009,47.86153783561529,14.951446857513712,215.81197659102935,4680.673996365853
Chinstrap,Biscoe,female,2008,48.76609838113469,18.400200475426328,218.96134722000502,5628.3915772266755
Adelie,Biscoe,female,2007,37.69027245276352,17.61930910988749,201.86791858197634,4498.814173997209
Chinstrap,Dream,male,2007,47.75753863335421,15.486872196943917,214.8796145042374,5248.457047598637
Gentoo,Biscoe,female,2009,52.155747726190015,15.945255170574267,213.87167488666537,5370.403610294482
Chinstrap,Dream,female,2007,38.54402266595162,15.201915747540141,213.21290878114544,4282.494669633749
Adelie,Biscoe,female,2009,32.87988685,19.81534384,179.98061350011184,3197.8656163145647
Adelie,Biscoe,female,2008,46.71027940816899,14.401847417010494,220.02120585619284,5425.077821118923
Gentoo,Dream,male,2009,38.54186567715974,15.77442436209683,205.63729029857157,4539.353933354235
Adelie,Dream,female,2009,48.91082676126195,16.57303433514378,181.13452883026903,3005.331671641404
Adelie,Biscoe,female,2007,42.55510336077996,19.866917331610363,192.42479145833613,4177.5904850015395
Chinstrap,Torgersen,female,2008,47.71792316812489,18.06560565973086,205.82146298612162,4193.5636819030115
Adelie,Biscoe,male,2007,39.21842703,20.471970992270453,178.37018714870743,3504.4565373068604
Adelie,Biscoe,female,2008,40.30855100656306,19.070095936422984,184.29300108132176,3165.5776234518826
Chinstrap,Biscoe,male,2008,43.87959965955602,14.164414291467189,212.78594069416488,4694.715306418372
Adelie,Dream,female,2007,42.795901239356375,18.433599751454093,205.3622051,4932.894469483864
Chinstrap,Biscoe,male,2009,46.81407008713515,17.92117826444889,193.75698089247857,4430.759565
Chinstrap,Biscoe,male,2009,45.085623812410994,15.886286838579945,203.98450128356285,3768.017484323202
Chinstrap,Dream,male,2007,46.20003510582497,17.348450681353633,209.84926788370856,4895.766385508733
Adelie,Biscoe,male,2007,42.134044135580986,16.108641076759298,197.04293373558028,3470.624004542953
Adelie,Biscoe,female,2009,44.068726154369045,15.495015395885318,197.27016497199673,4402.959693334673
Adelie,Biscoe,male,2009,34.85908272762566,16.07472333355908,194.96517509563424,3874.564658952294
Gentoo,Biscoe,male,2009,37.42762566336777,14.79115216689172,193.69598545739822,3913.366719
Adelie,Biscoe,male,2008,49.751521885164465,13.428061025423453,219.73740458830977,5144.319495616504
Adelie,Dream,male,2007,45.58757329858481,15.262981364993674,214.63559696979297,4874.829710757992
Gentoo,Dream,male,2008,47.88837573345022,15.993435106662602,221.6000046635101,5490.8558234399225
Chinstrap,Torgersen,male,2008,34.737646359868606,20.16460091728544,195.1433191157622,3736.9396001079817
Adelie,Biscoe,male,2008,48.559532932508134,15.359552182401304,207.8888128460312,4651.8466777729445
Gentoo,Biscoe,female,2008,42.212307977029965,20.05095255484653,184.24757610539726,2819.0981482112156
Gentoo,Torgersen,male,2007,44.52685806091457,17.945145406007743,190.91411118095513,3788.947647890369
Adelie,Biscoe,female,2008,46.36649141,20.383125295900218,180.70771371907497,2573.6037823461475
Adelie,Dream,male,2008,54.79701513884718,12.247231257329501,237.42640019858808,5614.875981379058
Gentoo,Dream,female,2008,48.540951514511406,15.896591797342715,209.75703707621045,4261.678970659405
Adelie,Dream,male,2007,42.67957423473952,21.150173709840825,182.83904548390313,3176.2123134852295
Gentoo,Dream,female,2009,41.71473787628688,16.45270281102341,194.1233744863543,3595.820208363158
Gentoo,Dream,female,2009,39.92783947232273,18.77804443883605,191.6356172117225,3798.916868918165
Adelie,Dream,female,2009,44.531931230898365,14.224939135631635,217.83793634885546,4486.183562925641
Adelie,Biscoe,female,2008,48.27290652279425,17.714643150972634,207.14946527239616,3925.2782088329604
Chinstrap,Dream,female,2007,46.26022748608247,20.40799199945919,187.46344567270106,4449.015542690425
Gentoo,Torgersen,female,2008,44.29531968,16.67461739183454,192.29967811416154,3664.1857948815923
Gentoo,Biscoe,male,2007,47.61560190212575,12.00291938695501,225.58043291066403,5194.998624529719
Chinstrap,Dream,male,2008,52.755082805851416,16.25245860212245,203.9760501307382,4652.411449529693
Adelie,Biscoe,female,2007,40.604447546082675,15.48077924,215.51751637095867,4727.715106447681
Chinstrap,Biscoe,female,2008,45.90579494600316,17.52101676387924,204.27750465660606,5375.146527779332
Gentoo,Biscoe,female,2009,45.62893022134762,13.531432429777453,212.2489136187403,3871.337233734683
Adelie,Biscoe,female,2008,34.20353851303204,15.815866921538714,197.5137864387202,3375.026865
Adelie,Torgersen,female,2008,52.21547425400332,15.632973031934409,219.08765994837927,5322.253451399907
Adelie,Dream,male,2008,39.81435267976715,16.90085987853127,198.8161109566713,3906.8225061247263
Adelie,Torgersen,female,2007,50.056847946095544,17.904007058778625,218.28880212843438,4592.525616779892
Gentoo,Biscoe,female,2008,42.70255599126306,15.082387477229364,191.39031020823592,3149.833843451557
Adelie,Dream,female,2008,41.52641136930429,16.96118887675759,200.78627827426803,4904.532976173674
Adelie,Dream,male,2009,44.39536019826639,15.820494405328072,181.42478170408202,3538.6209873584103
Gentoo,Dream,female,2007,41.22014252750952,15.441717439854148,223.9347137779278,4954.565196560527
Chinstrap,Biscoe,male,2007,49.34409343117653,20.79814764543461,199.99870692936403,3900.679765707678
Adelie,Biscoe,female,2007,42.30437698107176,15.21649101030983,201.6791103416791,3906.825540890074
Chinstrap,Biscoe,female,2008,51.16593817347848,17.442734337222642,205.63134939902238,3941.0496372137177
Gentoo,Dream,female,2008,46.00731176,15.395675021168792,210.37993789884564,4615.258486485496
Gentoo,Dream,female,2009,43.37796288912478,16.40454080598418,217.39713486100092,5456.326349521275
Adelie,Biscoe,female,2009,50.21599890707899,14.787854771446993,223.04788390481718,5473.072534409197
Adelie,Torgersen,male,2007,34.184813865367154,17.64406396100563,173.15908446209446,2523.163922325747
Adelie,Dream,female,2007,47.63837655823435,17.559462311572467,207.3605529884001,4300.898406469452
Adelie,Biscoe,female,2007,42.72839718017651,19.377114946243317,203.9146411842551,4558.415819784879
Chinstrap,Biscoe,male,2007,41.48514725917758,18.182748476889856,192.93758717967833,3724.2100145278378
Chinstrap,Dream,female,2008,42.569471422375514,18.525785663214016,192.84735973046412,4331.387789351331
Gentoo,Biscoe,female,2009,50.987926207603415,16.279733412982363,211.34060126675638,5714.935196554528
Adelie,Biscoe,female,2007,42.90960355101983,15.63130085953316,208.92298530803373,4304.96906
Gentoo,Biscoe,female,2008,33.899646188916314,18.060678676042755,168.65632981919043,2581.427709148804
Gentoo,Biscoe,male,2007,43.52183963562777,17.19901139554493,204.86060488903502,4355.8438751287085
Adelie,Dream,female,2008,44.05955800641479,17.054055625207788,202.40602641401924,4512.6896165604485
Adelie,Biscoe,male,2007,44.03245322579005,18.24855460909176,198.5107759044027,3983.484513354181
Adelie,Dream,male,2009,43.366046104749124,13.46364852617884,211.48840953594933,4714.103403132746
Adelie,Biscoe,female,2007,37.70079156810322,16.21673366,196.25024926428702,3732.303595229024
Adelie,Biscoe,male,2009,50.94493588388676,13.439250132169915,219.2079962662352,4929.2759704093105
Adelie,Dream,male,2007,46.929522824115985,17.62633148235381,210.46454786858607,4782.273698000974
Gentoo,Dream,female,2009,42.21376535,16.374584232398735,202.58931132885834,4127.522184383224
Gentoo,Biscoe,male,2009,39.58780466703395,15.959129710538488,205.90975042957288,4347.466121657499
Gentoo,Biscoe,female,2009,44.695435887868356,15.95844552444411,206.5228705970501,4043.9076488932897
Adelie,Dream,male,2008,36.51374669367439,20.583842207390607,174.04164814159935,2891.602825928449
Chinstrap,Dream,female,2009,47.82463549073688,17.398632888448432,219.86498635509915,5550.9452406883065
Gentoo,Dream,male,2008,50.50105572226446,16.89511977294353,180.53933304434176,2861.003877012311
Gentoo,Dream,female,2007,40.13714487537837,19.592351822201785,184.8214903,3674.5302282827206
Gentoo,Biscoe,female,2008,37.14742790787862,16.554280182587554,192.83854451641483,3644.9825153399092
Gentoo,Biscoe,male,2008,37.438600294984994,14.690537280257457,207.96554178439345,4690.304927088377
Chinstrap,Dream,male,2007,40.120929364361835,19.363685028201253,192.9290185781252,3663.238876405807
Adelie,Biscoe,female,2008,47.95260788669112,20.652538664182003,198.73454320341418,4625.381419761424
Gentoo,Biscoe,male,2009,56.762504271839546,15.719828466103293,232.6888594558558,5341.993403752615
Gentoo,Biscoe,male,2007,39.85704807140478,17.089535538151956,188.44628532082118,3442.3817978129614
Adelie,Biscoe,male,2009,43.77226538,14.59986357601503,228.69720535321645,5773.045535188871
Chinstrap,Biscoe,female,2009,47.931011291932485,15.121788960613232,218.04874310872822,4985.333492537015
Gentoo,Biscoe,female,2008,42.32480406022566,17.291890902738178,196.68142967662132,4068.417633481176
Adelie,Biscoe,female,2007,48.41092536656977,14.740341549155662,221.74960165623025,5277.550039907976
Chinstrap,Biscoe,male,2008,50.49089610861656,20.89382345738105,195.57319241199093,4407.626392632746
Gentoo,Dream,female,2008,43.30761191830133,14.343894476834468,198.9238567638485,3866.788926782782
Adelie,Dream,male,2009,37.64377609278745,15.802372180630162,186.70627723157247,3428.276544555773
Gentoo,Dream,male,2008,36.95052743,18.597846184382295,196.5864600200631,3653.4654852856615
Adelie,Biscoe,male,2008,42.49554665063879,18.058715868587495,189.33267656245786,4522.673634170054
Gentoo,Dream,female,2007,39.48835463668107,14.811731210462078,206.95145015654242,4079.8068919572447
Adelie,Biscoe,male,2007,49.91658930996067,14.713379702541257,226.2700913476055,5387.907990033062
Gentoo,Biscoe,male,2008,37.40235062569438,19.30834820686439,172.1666077929376,2853.4509107309786
Adelie,Dream,male,2008,38.34519676807528,17.445337091013066,193.1311715912865,3610.8818910520804
Gentoo,Biscoe,female,2007,35.659770676967895,16.364990411333284,185.1339816987312,3600.190110424121
Gentoo,Torgersen,female,2008,30.04190557571072,16.20293526647209,186.08815722398663,3147.4411280958866
Chinstrap,Dream,female,2007,51.85347110116863,17.26212004063163,210.0247852315309,4366.485222725882
Chinstrap,Biscoe,male,2009,35.540685216017664,15.364933662031246,195.87655137567225,3950.951132459012
Adelie,Biscoe,male,2008,42.72009282051085,16.616881080360432,204.27994099124928,4289.368465124215
Chinstrap,Torgersen,male,2009,46.390627825750286,15.868683719433935,214.97421666023158,5369.067634373029
Adelie,Biscoe,male,2009,49.45741627873422,17.27197512286529,207.5730395443499,4677.874039289605
Adelie,Torgersen,female,2008,50.45470745540791,14.013508368957766,231.73838601588918,5417.1432274743765
Gentoo,Biscoe,male,2008,40.645589804690715,18.83732112,192.76631846465503,3214.6332244602536
Gentoo,Biscoe,female,2008,41.192831925967376,17.145780002358123,199.84761884470745,3281.2508784118854
Adelie,Dream,female,2007,49.77430422587709,13.607316027892114,225.16470543317382,4894.843084056918
Adelie,Biscoe,female,2008,37.75777526629086,19.59436481297007,177.73595758881115,3171.487292675133
Adelie,Biscoe,male,2009,36.85859192007306,17.833994526367555,196.46984023635022,3995.178305598025
Adelie,Dream,female,2009,39.33800176838957,17.75643614053832,201.44652923349045,4226.844067389079
Gentoo,Dream,female,2008,46.62453346927305,17.95084980801058,194.1211221119874,4297.478123487095
Chinstrap,Dream,female,2008,52.10994246394956,13.576559649978805,230.2396912178337,5843.187117167023
Adelie,Biscoe,male,2008,41.36063555627642,16.53092413,202.67478323908955,4444.156548994508
Gentoo,Torgersen,female,2007,42.94209268328685,17.763014078362836,192.81473341933184,3825.346336038846
Gentoo,Dream,male,2009,41.54813074895924,16.931705113473356,191.53588821540794,3374.418643533603
Gentoo,Torgersen,male,2009,40.91624335200671,17.61967665315719,188.59246831474454,4058.5891068807127
Adelie,Torgersen,male,2008,41.340681095706664,17.731763474459736,197.30937237782038,4857.832828124152
Gentoo,Biscoe,female,2007,40.05389168,18.26106128866683,189.28918300051475,3630.353051981687
Gentoo,Biscoe,male,2009,39.76676729553888,19.686652445186155,185.20794099057832,3347.427479938619
Adelie,Dream,female,2009,46.656482239929545,18.05074196257051,201.17823395283776,3962.8565650374635
Adelie,Dream,male,2009,50.558355460941925,18.45149561154027,196.59719625349726,3513.3457709199174
Gentoo,Dream,female,2009,36.05110123,16.03800262580782,199.79549049010797,4614.054336407612
Gentoo,Biscoe,male,2007,35.03930345108094,20.928584150781425,182.14715304275262,3550.487493618837
Chinstrap,Biscoe,female,2008,46.032048281507066,19.02865275303062,194.77338266206706,3545.5077645504352
Adelie,Torgersen,female,2007,44.44750131052466,13.294085182485352,219.80157360110854,4520.409480338557
Gentoo,Biscoe,male,2009,41.492934479117736,17.971798462515828,180.46991327319776,2919.2445223546024
Gentoo,Torgersen,female,2009,48.45614633,15.335506932096353,216.44176728700108,5171.260792397605
Gentoo,Dream,male,2008,43.032482624092104,16.578626014483152,211.42424636430334,4704.148349135077
Chinstrap,Torgersen,female,2008,55.35370098572019,16.875163505954795,222.53428466261295,5148.098037264668
Adelie,Biscoe,female,2009,29.677818728494117,20.39416744384496,166.7772525017012,3021.8663694260495
Adelie,Biscoe,male,2009,50.698256738077916,14.034958452469661,216.6850922501673,4693.337577932105
Adelie,Biscoe,female,2008,36.696195707207714,15.07399910964036,200.23240303123765,4439.3267854621945
Chinstrap,Dream,male,2009,47.2746912,15.883191019889251,223.73178711791383,6502.3983410927785
Gentoo,Dream,female,2009,46.09480316743208,15.667086523623423,201.67623490699228,4655.236707257866
Gentoo,Torgersen,male,2009,46.40880536365133,15.087620593194659,220.89070849260548,6080.1479492769995
Chinstrap,Dream,female,2008,51.62027512562056,14.559573892581156,228.48434067992233,5429.188842734805
Gentoo,Biscoe,male,2009,43.727947049005934,19.454890546354495,198.96466283887395,4109.753689
Adelie,Biscoe,male,2007,32.897712164195084,20.037966585248228,173.7340653186725,2716.5950830967217
Gentoo,Biscoe,female,2007,38.03245843747754,17.187085677519686,189.78439400133018,3199.59439
Adelie,Torgersen,male,2008,45.73605557921474,15.813643032679025,201.8986780361079,3598.707459353804
Gentoo,Dream,male,2008,49.37445062,16.099386423593096,218.97442841669002,5134.218187487549
Adelie,Dream,male,2007,37.93243411618181,17.500777285978696,189.79976156022215,3542.6979762215487
Adelie,Dream,male,2009,47.606280010970735,14.89879170626945,199.12424885855498,3538.6266055276446
Gentoo,Dream,female,2009,35.35041038769918,15.428174095019896,201.55604829752167,3969.8514319739734
Adelie,Dream,male,2009,45.988716477430366,18.900550242665663,186.80333814985485,4232.535101300142
Adelie,Biscoe,male,2008,40.34852153088677,19.046901253176546,191.87174020570444,3411.206052090654
Gentoo,Dream,male,2009,48.64062821761124,15.06706006617227,199.0528871865234,3920.8335276661664
Adelie,Dream,male,2008,51.02723572266566,13.26207329675845,220.80292803236875,5505.419070890468
Adelie,Biscoe,male,2008,48.57545225337059,18.23572332190026,205.33993525698068,4364.3096969010585
Gentoo,Torgersen,male,2008,39.652731315798576,19.047673710418383,185.66150634157364,3394.828245612631
Gentoo,Biscoe,female,2007,48.00470826048403,16.643552833468323,216.90351857244912,5642.331391436841
Adelie,Biscoe,female,2008,48.86118159459934,19.020509909493732,210.63946795997592,5009.687023
Chinstrap,Biscoe,female,2008,37.49423373,18.035627727007697,179.85657015312424,2984.364461677177
Gentoo,Biscoe,male,2009,52.22760957928697,18.28839402,213.99445423724995,4880.882897663806
Gentoo,Torgersen,female,2009,30.82143155610286,19.797539202472194,186.94392550711478,3294.209715894234
Chinstrap,Torgersen,female,2008,50.11980554201116,16.820716550229896,208.86448022109337,4736.403750749543
Adelie,Biscoe,male,2009,36.65297283589438,15.62304134865617,193.71392060708249,4053.930302522409
Adelie,Biscoe,female,2008,47.17605385457041,19.5198427,203.98290971119695,4941.9101276859965
Gentoo,Biscoe,female,2007,43.972566812793396,15.235633504045468,218.98301382151914,4877.838319522032
Chinstrap,Dream,male,2007,43.92997034703709,16.871541321218615,191.85441354442972,3573.351832882289
Gentoo,Torgersen,male,2009,43.47902701968936,14.120089490184968,211.69365774837377,4919.839294142073
Adelie,Dream,female,2009,55.147069095621816,18.497098701724724,207.8636222228104,4726.431833690463
Chinstrap,Dream,male,2009,40.817723690300966,15.826288991625528,201.7729928445075,3720.084765400523
Gentoo,Biscoe,male,2008,44.91230910954365,16.496150137762264,201.9940567036747,4184.145629736672
Adelie,Dream,female,2007,50.79059867860191,22.49994225465666,177.83064499167887,2809.334059616487
Adelie,Biscoe,female,2007,40.131582601966336,15.478807769827599,200.5285219371396,3873.653788688322
Adelie,Dream,female,2007,45.48053402,15.053227086778215,203.4029393331037,4225.668059559198
Adelie,Biscoe,male,2008,36.777899106587874,15.939768743416119,195.22419184322507,3854.9301667745112
Gentoo,Biscoe,female,2008,47.061872681996576,15.895619495394175,214.74542078120257,4751.791893587108
Adelie,Torgersen,female,2008,35.25468467913281,20.793180294088195,165.46390988384414,1875.3327889287239
Adelie,Dream,male,2007,48.47800476010376,18.591267481185895,197.5867755068299,4734.673181662202
Chinstrap,Biscoe,male,2007,49.545011076154296,16.084449708452908,214.44532888570876,4539.544060160604
Adelie,Torgersen,female,2007,45.00500520070545,20.903120237997513,187.07083112778759,3417.845652678964
Gentoo,Biscoe,male,2009,48.394466492554194,17.413144501924986,207.99604031900498,4145.999358658803
Adelie,Biscoe,female,2009,42.02605425689882,13.914701378193456,208.5920451826058,4734.749193155988
Gentoo,Biscoe,male,2007,47.32604473597518,14.774508168302543,217.2148477274192,5018.208029146772
Adelie,Dream,female,2007,54.07403843379781,17.40907905205256,205.4021265725543,4341.124395393227
Adelie,Biscoe,male,2009,47.42264787,16.860285651801043,205.83218338294128,4241.180835019385
Adelie,Torgersen,male,2008,48.10568817365413,19.464067175188756,214.9094781440694,4864.344647849312
Adelie,Torgersen,male,2007,35.04357065347851,18.364779337868917,182.5823238,3181.056976378624
Chinstrap,Torgersen,female,2007,43.34829821049541,19.925424021737843,183.49917660085276,3376.8551848776688
Adelie,Dream,male,2007,42.69529387883835,13.943455429882595,216.97051653982876,5184.003022896508
Chinstrap,Dream,male,2007,48.718304504266975,17.847815926251723,219.1756107162497,5235.720394967193
Chinstrap,Dream,male,2008,44.14079974,15.569007673200549,196.59351152604705,4255.714749829098
Adelie,Biscoe,male,2007,41.121080049964455,15.23389083,197.04396539924784,4009.472518952007
Adelie,Dream,male,2009,42.13812925844066,15.234648521274329,195.97144802855578,3967.9509626432996
Adelie,Biscoe,female,2008,54.360206488797985,17.388916795854463,211.36765783497043,5368.046803302336
Chinstrap,Dream,male,2008,54.78586380068146,14.128428582930614,223.04096222870248,5082.401037285205
Adelie,Torgersen,male,2009,40.93108890409275,19.795725771949222,215.95409085093772,5021.613295313684
Gentoo,Torgersen,female,2009,40.664039042296345,16.761040040429684,187.10207195916595,3780.4970121781075
Chinstrap,Biscoe,male,2008,50.89540499980491,16.145308459533528,201.37244596733396,4514.1829117185935
Adelie,Dream,female,2009,45.211374860734104,19.300100220105822,205.50689298118905,4499.159290938922
Adelie,Biscoe,male,2008,52.37642356356372,18.340658735919998,204.00314876033937,4816.554012840263
Gentoo,Dream,female,2009,50.64452614,17.604617764760235,207.1797742296268,3801.1910772738684
Adelie,Biscoe,male,2009,31.79053747774659,20.389597796596988,167.3985596371013,1930.2163922520326
Adelie,Dream,female,2008,49.02776237740472,17.95676243050942,192.2195215,4280.346006924705
Chinstrap,Dream,female,2008,40.88547030241371,18.51615507793021,189.5873732791815,3192.354274
Adelie,Biscoe,female,2007,36.88690140952633,17.693585844027375,191.25224513006762,3044.4694340468122
Gentoo,Biscoe,male,2008,45.69176871701493,17.345784444652605,199.44706738195438,4565.143643578215
Gentoo,Dream,male,2007,34.61128706030449,21.261165011925375,164.61165809494793,2828.100639543881
Adelie,Biscoe,male,2007,42.16599714808703,18.047801796788434,171.0649727612383,3577.177191308769
Adelie,Torgersen,male,2009,37.08279695127896,17.72732240342555,199.89626702225917,4395.6472257080995
Gentoo,Biscoe,male,2009,49.070742442390646,15.32493997237702,196.8669078282395,4471.460711206805
Chinstrap,Dream,male,2007,38.19654931152661,16.119266137748124,186.3936874441056,3786.9570415179683
Chinstrap,Biscoe,male,2009,49.61916618642321,13.642097782608907,229.2308370209851,5356.894478927882
Adelie,Biscoe,male,2009,44.011780990159174,17.719077011545085,212.2560341418562,4971.790633246925
Adelie,Biscoe,female,2008,51.22267787321119,15.30346320124607,224.53436532930888,5374.30595
Chinstrap,Biscoe,female,2009,35.44791635052181,14.914893872807774,198.93832969040562,3760.0276350482313
Gentoo,Biscoe,female,2009,42.308465805825186,19.026782652051594,195.47329521501672,3934.516716912585
Adelie,Biscoe,female,2009,46.215098138230154,17.218619115357974,205.61499233385697,4229.588463913351
Adelie,Dream,male,2007,55.69356982606733,17.382534756236275,208.79363838499256,4704.932891965192
Chinstrap,Torgersen,female,2009,48.184965133152225,16.846003883056785,203.31992900029144,4884.838107
Adelie,Torgersen,male,2008,45.15237168459827,14.956680209038769,218.9499045332876,5429.6593764491645
Adelie,Dream,male,2008,40.30479902164183,17.769946790087165,191.11604724137217,3971.6745357235172
Adelie,Dream,male,2007,41.51588947788158,18.69605807646456,188.52865885123362,3215.6169938490825
Gentoo,Dream,male,2008,48.02562606025363,14.916208071984578,207.02131694885628,4615.701528549243
Adelie,Dream,female,2009,44.50127634711175,12.72361456999571,188.32317123256303,3045.755569878557
Adelie,Torgersen,male,2009,41.75187233069592,13.752258047294466,222.23762562718673,5641.704272
Gentoo,Dream,female,2008,47.61182135772515,20.428153104160362,204.40873555922266,4486.546703245855
Chinstrap,Dream,female,2007,45.40939733,17.909351537147344,187.6827259,3941.209382452294
Adelie,Dream,male,2007,43.48366221421043,17.359549237611468,190.78852171070784,3769.0024056878465
Adelie,Dream,male,2008,32.938787493011205,19.87154531724131,187.22912137660822,3446.6689898685445
Gentoo,Biscoe,female,2008,27.767787846089817,18.19570648778944,190.15040916284588,4076.9213750243543
Adelie,Torgersen,female,2007,42.274145256874974,16.978991174838022,196.5052365512042,4121.266446968811
Adelie,Dream,female,2008,45.31037304,13.22672015444021,203.11035719830494,3975.3903531459114
Adelie,Torgersen,female,2007,53.27861283863853,17.742972332450968,208.56623278364407,3895.846698201961
Adelie,Dream,female,2008,51.81172802222561,15.902505709159195,207.63369441352526,4692.731419132317
Adelie,Biscoe,female,2007,40.636766058624914,17.651251927834377,192.07946116604114,3075.1984067829303
Adelie,Dream,male,2007,40.66507244946972,16.580783547570157,213.24973100426237,4841.184205166974
Adelie,Dream,male,2009,46.74998215179685,16.40940138841041,196.91969125196152,4022.6979013397267
Adelie,Biscoe,female,2007,39.49342907044809,17.240718350153355,201.6362183992565,4438.879126569533
Adelie,Torgersen,male,2007,41.39890252625006,16.04956342129411,189.30981354387825,3690.077282530805
Adelie,Torgersen,male,2007,44.59637147578063,15.558022857518221,192.81271350681203,3695.0259757331487
Chinstrap,Biscoe,female,2007,39.79654765178795,15.500335595573004,191.40864265715544,3963.5894537945455
Adelie,Biscoe,female,2007,41.869053028949416,17.837391474567156,184.53775511716293,3745.8627307610254
Gentoo,Biscoe,female,2007,38.54069078794574,17.81077186291853,194.3528963881793,4226.192795935369
Adelie,Biscoe,female,2009,42.81481323,13.738938104849934,210.91214204427945,5331.086560350213
Chinstrap,Dream,male,2008,41.11900606,16.400891453506205,214.54633882421646,4939.399728795664
Chinstrap,Dream,male,2009,36.44073632036347,17.067048410284396,190.90177165649266,3610.8690685860915
Gentoo,Torgersen,male,2009,40.75837153840542,18.404956506334106,191.8789045429247,4030.1794290437592
Gentoo,Biscoe,female,2009,45.65866171546354,14.521444724149546,212.71947057166588,4437.685718
Adelie,Dream,male,2009,39.349612084008626,18.565038901303627,185.16598016833797,3689.2064511923472
Gentoo,Dream,female,2009,37.75305603,16.36098878898648,188.24329693922576,3089.2165059461913
Gentoo,Biscoe,female,2008,49.89871892232488,14.821450058089312,219.66669691747947,4454.634535102142
Adelie,Biscoe,male,2007,51.72069003807084,18.23766203,212.48672739875423,4899.384101880818
Gentoo,Dream,male,2009,38.31633447318381,14.96706565743406,211.8696265765728,4599.287517404425
Adelie,Torgersen,male,2009,46.24840474,18.79460265624814,196.64247768044032,4108.977976179807
Gentoo,Biscoe,female,2007,41.03155218146273,15.130943377831825,211.43779846520144,3954.5861391046474
Chinstrap,Dream,male,2008,39.468292505303246,22.08047765,187.42795364526793,3616.2428312776415
Adelie,Biscoe,male,2008,50.90015758086069,19.01524337172318,192.56434854106672,3712.409542453348
Gentoo,Biscoe,male,2008,38.02325335344505,17.31437930123573,189.04244797042858,3746.892574839294
Gentoo,Biscoe,female,2009,37.71026147366301,18.245517193636154,190.3082931586587,3301.7763138080354
Adelie,Biscoe,female,2007,42.31497206551679,16.530015438504993,217.97849433523393,5202.664463335479
Gentoo,Biscoe,male,2008,39.948705509376715,17.187664993304217,197.40570971243298,4466.020849749969
Adelie,Biscoe,male,2008,52.06124298601565,13.29724855042407,222.96909829586303,5416.456748116816
Adelie,Dream,female,2009,48.22732316716045,18.98026780655795,179.69856545231244,3263.160539304226
Gentoo,Biscoe,female,2009,42.94173258957597,18.978347397550962,188.0357494340364,3782.629995577681
Gentoo,Dream,male,2007,40.802432927449836,20.30154133678447,180.95564940757242,3319.845035450963
Adelie,Dream,male,2009,43.48707423952155,16.807144186215876,191.50578335585342,3729.6066797861426
Gentoo,Dream,female,2007,51.25696538,17.525327686489568,208.49317759928064,4661.131010952093
Chinstrap,Dream,female,2007,51.42577680870754,16.372700307674975,223.24364650966385,5322.769361723098
Gentoo,Biscoe,female,2008,42.72603531057287,16.373330128521868,209.92442900135418,4293.154136995964
Gentoo,Biscoe,female,2009,38.049626010869055,15.577077900290043,202.4564428585576,3902.7470505270335
Gentoo,Biscoe,male,2009,54.3794459,19.15555095385033,205.46268381936437,4242.629046994575
Adelie,Dream,female,2009,41.50857987506636,16.32871210590986,195.2271891367706,3986.5359793651032
Adelie,Dream,female,2007,54.77064311906689,14.063764318346603,223.90882559810265,4539.661455562532
Gentoo,Torgersen,female,2009,44.314531969742205,17.24887046483964,209.74405104577758,4487.361793655474
Adelie,Biscoe,male,2007,43.362729879949015,17.66280528794483,221.40996632879242,5243.207691342818
Adelie,Biscoe,male,2007,55.88229684397847,14.98172305602129,220.62385815907612,5674.771422
Adelie,Dream,male,2007,37.03520293713745,17.4180027,203.60181064427164,4165.633917471625
Adelie,Dream,male,2009,40.39083828726609,15.23466944895678,205.43852573357438,4999.034568910224
Adelie,Biscoe,male,2007,45.518098817707816,15.01087764600571,208.85073533230226,4434.835628
Adelie,Biscoe,male,2007,42.29817231987742,14.168215685041437,218.2273147417806,4701.797066468013
Adelie,Dream,male,2009,31.068595406993197,20.83803681198308,171.71733427704834,3059.5614147519973
Chinstrap,Biscoe,male,2008,45.88235565220486,17.524961389499385,196.53495914188068,4541.027999524995
Gentoo,Torgersen,male,2008,37.31522861209093,16.74922702145174,200.4356321268116,3648.7377008228054
Adelie,Biscoe,male,2009,33.130191546219116,19.091451216234056,193.47012240519246,3825.2980762723796
Adelie,Torgersen,male,2008,49.04912753634057,17.229514450450104,192.3246993403167,3799.0029518499487
Adelie,Biscoe,female,2008,50.64471037,18.10496487951428,195.33999404383192,3565.5366556128165
Gentoo,Dream,female,2009,37.24033239228326,16.466492898194236,180.14104101819908,3888.366043664045
Gentoo,Biscoe,female,2009,45.535446764984584,15.072799629071294,222.58120635312136,4983.868741401356
Gentoo,Dream,female,2008,46.28789101358178,13.708601601206858,218.2576704652062,5313.039898588603
Gentoo,Dream,male,2009,40.632894675928625,18.258615928082296,201.7275791967834,4039.121621903399
Chinstrap,Biscoe,male,2009,33.81492493085847,15.91724772220127,194.10362300951041,4282.445672620222
Gentoo,Dream,male,2009,39.885264063528126,18.803016104447504,196.6917599843626,3782.253831659845
Gentoo,Dream,female,2009,55.44269173143027,15.287816442243297,227.49450250751775,6152.312162093242
Adelie,Biscoe,female,2009,46.74362609708163,18.603572488460305,197.63617699455054,4124.534421540574
Adelie,Dream,male,2009,38.218393618489834,19.921114066212038,188.9881568760445,3400.791704098978
Adelie,Biscoe,female,2009,41.90918711223875,16.34011388196433,184.42584130112348,3321.3176998347135
Adelie,Torgersen,male,2008,42.10879506197553,17.747359408810187,190.7734343703771,3523.851799584926
Adelie,Torgersen,male,2009,48.18239978337919,18.895205933844586,207.27650524816715,4047.9763918442595
Chinstrap,Biscoe,male,2009,41.23989288794184,16.06671443293629,208.77649533955815,4671.255156117405
Adelie,Dream,male,2009,33.68598016335808,16.011241648196865,181.4301962732864,3229.4030515728555
Adelie,Biscoe,female,2007,49.14851607090833,18.16904228013326,210.29013409241313,4562.504700805987
Adelie,Dream,female,2007,48.764843297644596,17.58622299075118,209.7465897236227,4743.521349409697
Adelie,Biscoe,male,2007,42.08150623247908,15.635740687992493,205.28102377439166,4435.015761
Adelie,Dream,female,2007,38.54738460618194,18.155883975839156,185.81695115795577,3507.3303525800966
Chinstrap,Dream,male,2008,53.53128223717205,16.32060088061866,226.25803058952184,5794.799754722786
Adelie,Biscoe,male,2007,43.96630494423863,13.584708004255006,212.42766481706988,4939.395136852077
Gentoo,Biscoe,female,2008,43.771688739754154,18.77635336528921,199.13813989213736,4463.246841203059
Gentoo,Biscoe,male,2007,50.78405276944838,14.354127525909607,224.0722914588214,6095.367926891883
Chinstrap,Biscoe,male,2008,43.66473056383464,18.121928715426026,192.03621640563475,3630.1945385700387
Adelie,Dream,female,2009,37.66231658784609,15.464573406192702,200.60031286366188,3878.2943695498025
Gentoo,Biscoe,male,2007,49.188608730114304,16.83603352246476,207.30032443857274,4538.325623981025
Adelie,Dream,female,2008,51.02000923520164,15.111175269575876,217.95972874861062,5477.964545085555
Adelie,Torgersen,female,2009,49.11917497242647,17.77109023898894,219.25472901725936,5255.451068924893
Adelie,Dream,male,2009,45.50089947,18.476576122701548,191.29453600292626,4059.5732091639816
Gentoo,Biscoe,male,2008,39.61514954939527,18.960182217859185,194.66075727095543,3527.5956922606733
Adelie,Dream,female,2009,47.192225470612435,20.726912272260144,187.30942445104577,3154.626174816144
Adelie,Dream,male,2007,48.606362705906854,16.39045225696806,216.52478146523086,5238.715983310156
Adelie,Biscoe,female,2009,54.84268418077737,15.505336409133763,214.79530530922668,5148.297544013534
Adelie,Dream,male,2008,47.88943458348046,17.554834871167433,198.7856663805838,4289.196309883269
Gentoo,Biscoe,female,2009,50.57699989827158,17.349590170121445,214.37644030756283,4373.728028930212
Adelie,Biscoe,female,2008,35.81591950650107,20.515598864608716,169.35451068945224,2418.923709220934
Chinstrap,Biscoe,female,2009,42.58328195515332,18.690076256326055,198.08281701007198,4662.479123294312
Adelie,Biscoe,male,2008,36.97822766464286,17.290920485372833,186.87428370771346,3224.1417935704703
Adelie,Dream,female,2008,43.21112881965683,17.82555808672457,196.26443012688728,4787.961269686434
Adelie,Biscoe,male,2009,40.241456910515254,17.763703434160387,197.03175288410472,4011.6713561950623
Gentoo,Biscoe,male,2007,33.90937209032165,16.754650263622235,196.04904719629405,3824.186456608815
Gentoo,Biscoe,female,2009,57.33660324965471,17.202743308525704,221.1582050317749,5846.274311422172
Adelie,Dream,male,2007,48.872297516371006,15.177676010726605,199.80351445983146,4228.963348143315
Chinstrap,Dream,female,2008,38.85665718068685,15.684977719778399,194.70664150226452,3609.732510386667
Chinstrap,Biscoe,female,2007,48.18211903353192,15.939785461003288,217.2747505675826,5128.4589328356915
Adelie,Dream,male,2008,38.73488934569112,20.173162572807993,176.42311913536255,2882.716275130768
Adelie,Biscoe,male,2007,48.70032953333141,18.175614655958714,215.75162629782577,4404.613426418632
Gentoo,Dream,male,2009,40.99139881101106,16.055620988298735,204.21838300143557,4339.2799052780565
Gentoo,Dream,female,2009,40.456522022701805,18.728091478008185,186.48853235023068,3570.995076671664
Gentoo,Biscoe,male,2009,48.1419299,17.931896475467063,188.42268045132369,3711.4849470914082
Adelie,Dream,male,2009,52.42258729050788,15.580793975266133,213.27402228757913,5161.530742879111
Chinstrap,Dream,male,2008,45.40646057007465,17.737537171733745,205.46993631885948,4101.398905144583
Adelie,Dream,female,2007,48.10194664128207,17.63549316926831,195.04861677883434,3428.271638794053
Chinstrap,Dream,female,2008,52.83934677417622,15.801952052051357,220.23537414645773,4828.861793
Adelie,Biscoe,male,2009,52.007746883842294,19.74541898006671,200.14520964224118,3642.9733757521344
Adelie,Biscoe,male,2008,51.020371456717406,17.800862846905435,204.26488147591368,4370.6439345738345
Adelie,Dream,male,2007,48.03171862476344,13.379954532795484,209.83210825580713,5137.256229920776
Gentoo,Torgersen,female,2009,46.159152666598175,16.634789605987066,221.14757636642418,5857.588395516094
Adelie,Biscoe,male,2007,52.39577767763683,20.93447163022562,210.38616228584235,4256.077555377934
Gentoo,Biscoe,male,2008,42.795530012630316,19.033847538673836,196.9797196055603,4121.849012974383
Gentoo,Dream,male,2009,41.683815475571045,20.370558897288753,165.0713592059471,2489.275855167756
Adelie,Dream,male,2009,48.84359921846645,14.878264712361915,211.15924197549873,4750.216580451548
Adelie,Biscoe,male,2008,50.96759392,18.72899705838678,230.64640595140173,6148.581652245568
Chinstrap,Dream,male,2007,53.25099436402761,15.175780732604437,219.21078833344512,5931.679806492485
Adelie,Biscoe,female,2008,56.52988559132138,17.80651095137791,216.05292030458972,5693.222354168266
Chinstrap,Biscoe,female,2007,52.24558301880596,19.37261215587658,207.33392722459698,4734.580643
Chinstrap,Torgersen,female,2008,52.83048789709305,13.593646248865607,221.9901400196946,5687.611355541397
Chinstrap,Dream,male,2008,51.70597516987201,13.363678645549328,231.97747371450907,5304.763282357325
Chinstrap,Biscoe,male,2008,39.27288523889757,16.90993132354775,188.39097487737527,4139.2461477358165
Adelie,Dream,female,2009,52.98995529,17.09428982916908,206.47932660494178,4883.623673
Gentoo,Biscoe,male,2009,52.76491332069894,14.88642653588337,210.13354635570315,4189.681120473563
Adelie,Dream,male,2008,41.18665180614995,19.297415996584785,193.6235492883276,3532.8653537566565
Adelie,Biscoe,male,2009,46.77505401427618,14.484295763894016,188.98565154341262,3048.108390783617
