customer_id,age,gender,signup_date,purchase_amount
a3a57fde-cfda-488a-9c30-166aa05d1cf5,56.0,Other,2024-03-31,537.29
06225699-6847-49a1-82d9-7d8c5fcac5ca,69.0,,2024-11-12,250.05
402b8ce3-8f65-4cc2-99b9-66029c4588f5,,Male,2025-04-25,276.55
5a7eda8f-6cb3-4054-809d-388c494147d3,32.0,Other,2023-12-29,383.51
98d2c5d8-9d9a-4fd3-872a-257d73dfcec3,60.0,Female,2025-03-07,29.87
a0756c84-d80e-43ce-a148-935bcc59e149,25.0,Male,2025-10-25,328.86
4113716b-d4dd-4839-ab75-e370e4608013,38.0,Male,2025-08-24,219.33
f4c69f6e-f7c0-4c7d-b2bf-1d3e471dcd60,56.0,Male,2025-08-03,334.22
cced2cbc-f058-44d6-af75-c759211b63b9,36.0,Other,2024-08-31,128.56
7187a69a-a808-44ea-931c-4386a9b375d5,40.0,Male,2024-03-21,891.62
250d8a3f-b225-41e7-aa23-a0253f25d7c7,28.0,Other,2024-10-15,597.66
234c7048-0cfd-427b-8cc5-2b30461d5a68,28.0,Other,2024-08-28,682.31
c4200f2b-475b-49eb-b37f-a047abb5368c,41.0,Other,2025-02-26,791.28
5d1ac1ed-a19e-445c-98e7-c4ac08d642d1,53.0,Male,2025-07-05,503.46
53a9ddef-5ba1-4c93-ad48-00bf8f324dd3,57.0,Other,2024-01-14,96.05
ac9f7954-fb58-4e65-a7cc-3f86fe1f9c06,41.0,Female,2025-04-27,541.74
1384facc-b3d6-4da7-a30d-35152e6d4142,20.0,Male,2025-07-13,590.97
9d140201-736b-4f7d-ab31-531a4d24064c,39.0,Male,2025-05-02,747.99
6cbe4abf-860b-4084-88aa-7d2790020094,19.0,Male,2025-11-30,437.34
43a70bf0-1fca-4238-9704-0e9cb3cfc5e8,41.0,Male,2023-12-06,136.3
60e06427-6b28-4de0-a09f-9cadb4f78a12,61.0,Male,2024-09-04,290.94
3319ac56-4237-4815-bf90-87480c02ebe0,47.0,Other,2024-12-29,369.45
6d7f5618-dbf7-4f8d-8c97-dde70ec15e85,55.0,Other,2025-03-06,649.46
3220a1b4-74c9-478d-8424-ad87539b3e6b,,Male,,575.07
4561eaa3-364c-472f-bab4-89a4e10cf7b3,38.0,Other,2024-03-17,362.54
3ea6c6fc-1ded-44ae-969b-903607cf5357,50.0,Male,2024-03-02,986.65
8626d684-ce90-4855-b354-9c3bf4e9fddb,29.0,Other,2025-04-16,609.72
9f0284de-ef99-498e-84e0-e533018c7abd,39.0,Other,2024-09-12,244.85
0d736b63-11f3-4ec2-bf5a-c3211c3dafa9,61.0,Other,2024-07-26,110.76
8b097228-fd43-4773-984e-7c53b34c0b5d,42.0,Other,2024-02-25,161.33
088b8f54-1b60-41cc-a156-6da4b7ed95ac,66.0,Female,2024-09-23,253.5
280ca6b7-9ceb-45e0-a67b-47544eae4eb0,44.0,Male,2024-05-10,169.07
804b0d23-22be-4914-a40d-7c7f9975403e,59.0,Female,2024-04-01,194.7
3f1744fa-d0f8-47a7-b196-f7e719783a53,45.0,Other,,292.24
e8e35d35-4202-4bb6-95e6-0b8923b4c6db,33.0,Female,,181.64
f14773e8-0d1d-431a-9313-9c22be74c80c,32.0,Male,2024-11-22,897.8
2cb84c9b-5a89-48be-955a-881dec466d0b,,,,
cb4408d8-914a-436d-9cd7-b05490a6c643,68.0,Other,2024-02-22,529.27
56b7c8c8-42f9-4d41-bbf3-4731c14fd15a,61.0,Female,2024-10-25,416.29
8890301e-6dd6-48d8-8fa5-423d58a89ec4,69.0,Female,2025-02-01,
756b49bc-ad3e-4ac2-a107-2dcaf014db78,20.0,Female,2025-11-05,120.92
0df8b479-3887-4999-9783-3adea9eccc17,54.0,,2024-01-06,403.88
3b5318a7-9956-4e7c-b037-36f3344ec080,68.0,Male,2024-08-07,969.78
9f9a3d60-a6ef-4790-827f-08ab7ac8ff13,24.0,Female,2024-07-07,866.85
3ff87187-a6d8-4c49-9e84-39c7d72d95c6,38.0,Male,2025-07-02,818.9
0fef1ba3-42cf-4cc4-bb48-981749028ea2,26.0,Male,2025-01-28,265.32
826b8651-adc1-4197-b118-3e64a3f93c73,56.0,Female,2024-07-08,179.18
e5582764-29a3-48f2-bea9-6c6ffcf9a0ec,35.0,Male,2024-11-24,671.96
044acd10-adfe-4fc0-a44e-3ce93e404d59,21.0,Female,2025-02-06,
538c79d2-2d87-4fc7-9195-cb42f9e01739,42.0,Female,2024-10-14,561.2
4616df7e-f2c7-42ec-9b6f-d1191a2c0d2d,31.0,Other,2024-10-19,575.9
3b95d8ef-2ad4-4384-8d83-253af97e3228,67.0,Female,2024-08-01,287.18
868c0686-51b0-4308-9f45-bc7915c79ea4,26.0,Male,2024-02-07,771.8
a0019487-d182-40f2-b173-9ca863d2efe0,43.0,Other,2024-06-15,195.17
1e6c5bbc-11f5-45fc-a9a3-600a5ea59b5b,19.0,Female,2025-03-12,330.44
abb4b5e2-b0b9-4ddb-9478-55b980c3aebb,37.0,Other,2024-12-21,431.18
4fa4f6b5-1b07-4d60-8d10-608e29fbdb5c,45.0,Male,2024-05-10,512.53
a54dbe6d-0233-42ef-ba8c-62bbdae058e5,64.0,Female,2025-04-18,249.99
5a95d675-546a-466f-ba25-7825f9916541,24.0,Male,2025-04-09,123.69
1b7ebbfe-db58-46ed-8f7f-f9484619f58d,61.0,,2024-05-14,614.51
e9f82f8a-5971-401a-a6e5-42ed4b964556,25.0,Female,2025-04-02,
a38805f9-29a3-4edd-9977-004994a10c51,64.0,Other,2025-06-26,585.43
2163cba1-ff33-4c26-ac9a-d40fa0848927,52.0,Other,2024-03-18,162.82
f100c60e-416c-4200-9264-471e9b0a0d91,31.0,Female,2025-04-12,486.33
2428bae5-6e30-4816-8595-5cca2a70f19b,34.0,Other,2024-06-23,537.26
105a5d3f-3ee9-40a1-a803-6708abbb4b95,53.0,Male,,61.31
9ec9a72a-868d-4a60-9d6c-a2b868fbf4d7,67.0,Other,,343.24
12752d76-0ed4-4447-913c-6fe6ca4b968e,57.0,Male,2025-01-28,143.07
a826ee55-6074-4030-a152-852e9a01b01d,21.0,Male,2025-03-16,72.74
210ba54c-b5be-43b4-8b30-18cc7b8e2eba,19.0,Other,2025-05-21,990.06
1b28ffef-fc2b-4b32-870e-84f7474b345b,23.0,Male,2025-06-07,329.13
e683a359-e634-4ae4-a992-24d40de3279a,59.0,,2024-01-17,811.78
b306d7d9-70ca-46cf-9a46-d9b21db3194f,21.0,Male,2025-06-05,262.09
6fece8bd-0e0a-4255-a051-505ab22b6b74,46.0,Male,2025-01-05,684.69
0b87daad-87a3-413e-b00c-9e7d6d67b750,35.0,Male,2025-03-26,762.63
50189c09-f4a1-4c1a-85b2-6a06d6ef6388,43.0,Female,2024-03-23,599.68
ec9f59db-ce0b-4883-a004-e456de80f6e4,61.0,Female,2025-09-07,476.86
cc826ac6-d84e-462d-b844-760e0f14c248,51.0,Female,,417.72
39b23439-6f41-4034-9c42-a0ed9ce9584a,27.0,Other,2025-04-22,355.38
75102041-cc5c-4375-83f2-950e7462755e,53.0,,,
255a7d89-af37-436b-8efa-76682793be08,31.0,Male,2024-12-18,832.31
18aae6b3-f185-49ef-914c-68d032757d65,48.0,Female,2024-06-10,965.38
76d1ce27-6ab0-4177-8c15-6ffea6fee7d1,65.0,Female,2025-08-15,133.05
6cf38f06-1655-4061-a352-98460b3b6607,32.0,Male,2025-01-28,733.56
7cb3884e-d55c-402a-a3fc-e2386711dc82,25.0,Other,2025-04-27,938.96
b8996e29-210b-438b-ac11-090ce1b78591,31.0,Female,2024-01-10,189.42
0c28bcfb-1dd3-4576-96b8-d617e1b38b8f,40.0,Other,2023-12-04,75.83
ed7b22ec-2b50-4af6-8eff-5493bb0dac36,57.0,Other,2025-02-14,743.71
f90b6b7f-19a5-42eb-a9e4-7532414fc38f,38.0,Other,2024-10-23,578.73
fd7fed71-514f-42fb-b5f5-c7786dd4b2dd,33.0,Male,2025-11-21,843.41
351415ac-43ca-473b-b1a5-2b7b89f8c313,62.0,Other,2025-02-01,148.37
954b7cad-b378-43ef-b57e-aff7916a7709,35.0,Other,2025-03-04,797.31
4756ad21-628a-44ba-97c4-e9f6c8b28d1d,64.0,Male,2024-03-30,209.61
615a5663-5e45-4495-8c64-e4216e55a544,41.0,Other,2025-09-15,172.02
6c71015b-3c69-4f34-97d3-6596cf83017f,43.0,Other,2024-06-27,172.62
137bbd10-914e-49cb-81ad-baad914deb29,42.0,Male,2025-04-04,816.43
f84ba5cf-10b7-41dd-97d7-056be967700a,62.0,,2025-07-20,668.55
b06aa742-f527-499f-a553-b5981fdee3c7,58.0,Female,2024-09-26,527.83
d50aae90-c9d0-4b86-97a6-e0ffb459c1c8,46.0,Female,2024-05-23,365.24
262a8a1b-273a-45ab-b771-1de54b393fa0,32.0,Female,2025-04-20,878.43
7274718b-435c-4d7b-a60c-709e15d78c50,62.0,Other,2024-08-25,398.52
9ca3c861-85f5-437a-afc7-b5bc0aefc876,18.0,Other,,818.43
3b37ea8a-d3ea-44be-b1d0-00c7f5de5698,,Other,2024-06-11,444.74
60c77454-be65-4c39-83f5-7910c48b149a,24.0,Male,2025-02-08,383.17
1f217e2b-d374-41b7-b447-3c9b2ac44f08,26.0,Other,2025-07-06,468.05
59b5ef33-c524-4590-a831-a60164fa3542,41.0,Female,2025-10-28,308.36
507ec02f-7f20-4fe2-a421-cf9e6d1f15f5,18.0,Male,2025-02-24,750.13
25a38ef0-f8e2-4360-8835-0241e6dcfd7d,61.0,Male,2024-09-12,507.69
98cd220f-a8d5-4b46-b386-ee6952ea9ba9,25.0,Male,2025-04-26,239.89
3c6c7fed-906a-40bb-b2f7-bd65032ee411,41.0,,2025-06-21,900.58
c715f4ae-2831-4e95-994d-10afdf6a7447,28.0,Female,2025-03-26,390.05
7b2439a3-9e1b-4b3c-bed5-867ee3839fb3,68.0,Female,2023-12-12,548.12
7e165a0f-ef06-453e-9256-badf68b7c357,34.0,Male,2024-07-17,907.41
a3d4a110-83cd-456c-8d77-2050c4488d19,25.0,Male,2024-11-02,
f2c32b54-a3b3-4f66-afed-83d41189a029,52.0,Other,2024-09-28,125.73
e7d69fb9-6cf6-4ad9-a1db-e9a4961b4bc1,52.0,Other,2025-10-01,940.43
66f5f788-3eb8-4e9f-9f7f-8cf041adb30a,50.0,Female,,631.43
87d08b47-dfe9-45ca-883a-2afcb234503e,22.0,Male,2025-06-05,341.56
668b7bcf-b6bc-4c9b-9692-666fc0f5ca34,59.0,Other,2025-02-07,147.88
29c28733-daaa-42f8-a52b-69ae2d332220,56.0,Female,2025-10-29,796.08
025620d7-3150-499d-82d1-22a664a9db2e,58.0,,2025-10-01,623.87
4c7f937a-f2bf-4340-8f8d-d43fe6e298d6,45.0,Other,2024-03-02,538.13
c5ee8f56-cab3-4ded-a016-27f8fce3b6a7,,Female,2023-12-22,894.95
6b7dec55-fa36-4351-838a-1bc2245c63e4,26.0,Male,2024-02-17,790.71
d3728501-c651-4cad-a034-458a168546cc,25.0,Female,2024-07-07,160.16
028ece40-8a0f-4d2b-9915-8ab1d52b7b00,29.0,Male,2024-02-15,
3ef2adb8-5a04-42ef-be35-7179b591189a,51.0,Male,2025-05-14,256.0
f28b6ec8-05cd-4648-9064-27b606881491,50.0,Other,2024-12-04,746.51
20853f26-0938-4835-b7bd-f6feec9e6fd8,65.0,Other,2024-09-26,43.2
2f515812-4088-4ba3-8f2e-732c410410a2,40.0,,2025-06-20,574.19
86c65ea1-b70a-4968-ba36-71f7cae2bd62,41.0,,2024-07-09,764.83
4f6a9487-1bdc-4046-be4a-86d4d2ba7b39,54.0,Other,2025-05-02,878.0
c5d5fef8-e28f-4a30-a092-7ea003f5342c,52.0,Other,2025-09-28,348.66
ee251d2c-7e9d-4a2b-9562-b71ad5e15c3d,61.0,Female,2025-05-19,823.04
62736e18-ddd9-4557-840e-1f98914d1332,57.0,Other,2024-08-13,119.53
6568a196-ee75-4508-a42b-55b0794322d9,39.0,Female,2025-03-16,847.99
acbafdde-bc5b-4a74-929e-a1921633f49b,44.0,Female,2024-10-15,136.21
38f71e69-6be0-4d89-8dc6-432f9b294551,52.0,Male,2025-02-23,403.31
4c172349-bc9c-41e1-8842-10bb7def66ba,18.0,Male,2024-09-18,799.32
c22407cf-4c97-47e6-ba28-541df1b7ba6d,52.0,Other,2025-06-28,158.42
1f3b44c8-becc-48b5-9bcd-30f5bc22b812,54.0,Female,2025-06-27,236.96
880fe50d-073a-4c12-86b4-2e8ab8e9f8f9,64.0,Male,2024-04-10,725.03
b9b63c71-c5e7-4542-a943-b21222bb517b,31.0,Male,2024-01-12,722.84
f6e7b2b9-7157-4001-aba6-c4d3023b57b3,20.0,Male,2024-06-30,644.74
1eeab114-3ad1-4918-87eb-6254da5cbe08,18.0,Male,2024-01-07,697.01
dd37a164-0a54-4f62-86d9-ed39bfb2f29b,22.0,Other,2024-03-04,547.3
abe1f010-a648-4af8-8e53-c69ca59a8bca,43.0,Male,2025-03-13,259.28
a9cd06d0-dec1-4e89-a786-ee3d08b091ae,31.0,Other,2024-04-18,352.24
81f1f768-03bc-4df4-9ff8-b464524a9c04,56.0,Female,2025-04-26,189.78
5526fd52-46f3-4be0-ae61-5480e972fdb4,44.0,Other,2025-02-07,909.37
0ea613a3-c72a-4a83-a23a-c00cc1266e35,26.0,,2025-03-07,587.56
528da6fc-3972-45d9-8bf1-b973bbb0a71f,32.0,Female,2024-02-20,406.84
9b1d4fb9-6e70-42a0-9a8b-b8053598777d,32.0,Female,2025-04-13,467.39
6dcf6514-3b71-47c0-afe7-5c18beede2e0,43.0,Other,2024-09-16,947.81
a999e2ae-c574-488b-a4b0-2f052cab5e12,59.0,Female,2024-06-14,161.82
9c6fa884-f4e8-48fb-9f4a-20688ac5b396,30.0,Other,2025-02-06,590.37
81111934-7e2a-4f09-a448-85c911206542,,Female,2024-05-23,510.83
9c419666-7b7e-4948-8edb-d3c2a53e9a4f,49.0,Other,2024-07-27,615.34
dd9963c1-1ca3-4b1c-959e-49647e0a38f9,56.0,Male,2024-08-13,27.93
8646357a-d6be-43e0-b5a2-59d9146b6875,66.0,Other,2025-03-01,873.4
c78da8b5-5b27-425a-9190-1b97b08d6255,69.0,Other,2025-10-13,932.8
962fe0fb-67b0-434a-8ffa-7d32a646e096,49.0,Male,2024-09-17,569.48
725d20ff-bc6a-4a5a-8811-71da2c9002bf,21.0,Other,2024-09-08,699.68
6a31e330-3ce8-4fe5-8d4e-7fb68ad208aa,47.0,Other,2025-03-19,923.27
da1a8f40-27be-4074-a75b-0da7d31b0e81,54.0,Female,2025-06-16,710.17
b550f140-8957-429d-bcd3-d133779759c4,40.0,Other,2023-12-21,161.01
6b887001-84c7-4d79-8abc-9470edf2bbfb,56.0,Female,2024-07-11,580.53
fa4b2fb1-49c5-4f97-adf1-730e9ba2491d,62.0,Male,2024-07-16,610.65
737ddcd7-d46e-45a0-8fae-4b461c63a9d6,32.0,Female,2024-06-24,429.89
991e8883-174b-43cd-a227-14abdd27b040,60.0,Female,2024-06-22,
1106318a-b923-426f-aa43-56f215f042c7,46.0,Male,2025-07-29,935.02
581bc96d-c7df-46a3-b4dc-4b6dc31e9692,53.0,Female,2024-12-11,926.31
feb12246-333f-4cd5-a656-e1114a2a2833,30.0,Male,2024-08-03,456.33
9e1fb937-0976-4fca-9753-01bfa7884ba6,49.0,Other,2025-11-24,122.11
0a63bd95-e8b4-491f-b625-7eba78e4580d,24.0,Other,2024-10-04,984.99
cdb9a055-26ce-4212-8099-4b771c0f0c26,68.0,Female,2025-01-23,840.51
a522a73c-eb62-491d-9c66-b05ed32b7ba2,39.0,Other,2024-03-29,133.42
f81289f9-3d51-4e17-9be5-a37ced025c04,45.0,Male,2025-06-10,921.63
f51af596-6e94-49ea-abca-3da5290c0a7e,19.0,Other,2024-06-15,871.2
fadc4fbc-ce46-436b-a4a0-f6f6195f466d,59.0,Male,2023-12-24,523.65
82c3e38f-3b9b-4951-9a90-5e6f6e77de30,62.0,Other,2025-11-01,595.36
4dd87045-7686-4d96-8b0d-8e19cd723d5a,23.0,Female,2024-02-12,405.01
3230319d-c5a3-4004-aafe-e9e6a2eeedb8,45.0,Other,2024-11-28,64.21
90c5ccd1-9e96-41ae-a8c0-576a71251078,45.0,Other,2024-02-15,341.85
5f413168-0262-4e64-a36c-9276ba164e91,61.0,Other,2024-10-08,804.82
b21210c5-10fe-4684-98d4-8dd61500eb71,61.0,Male,,14.59
1e73c20b-7a64-432d-838a-00a03aaeedbd,37.0,Male,2023-12-28,340.16
5d40d336-88d7-467f-baa3-a7ef637e3d09,47.0,Female,2023-12-17,404.19
adcdf5ad-8e46-4b5d-b66f-4f37d4516bec,28.0,Male,2023-12-06,542.02
eedbed21-2b91-4d36-8d58-3100b89b5de3,45.0,Other,2025-07-04,920.66
0ff4d65d-73dd-4894-92f4-246343b0649f,42.0,,2024-01-11,352.88
f123fa05-6f66-46c1-b3e5-06ffb254dffd,56.0,,2024-01-15,353.48
8c90bb86-1109-4214-b989-a7b06eeb942c,50.0,Other,2025-01-01,740.13
152ef614-ac95-45d8-8b03-f9fd694d0c96,,Female,2025-02-04,457.7
8de8274c-6b07-4d67-b4cb-317c288c8fdb,44.0,Female,2025-08-18,232.36
070f5c74-4f1b-4617-9c41-0c0938222400,69.0,Male,2024-02-15,
527a3cfb-2670-4d29-b291-11e17c439f82,30.0,Male,2025-05-27,149.45
d218c04c-61be-412a-aaac-1f38265c10c7,58.0,Female,,184.62
5d50a358-0f7a-4329-ae94-6f648d588c8e,20.0,Female,2025-06-10,503.38
d90b4570-2380-463f-b7fd-ab5814f31c64,56.0,Male,2024-09-14,424.74
e30fc6ad-1382-4dd5-abf1-ccdede380a4e,23.0,Male,2024-12-30,915.7
d5f0b644-029b-4e24-adce-7a6d64d1e5f1,25.0,Male,2024-12-04,368.77
8a2fee07-a555-4990-9df7-4e39d01df919,44.0,Other,2025-04-29,584.78
30377be2-0803-4b71-89e2-5996333e2965,26.0,Male,2025-03-06,635.94
e53f0070-ac12-4126-a25c-c3781d5d86f6,54.0,Male,2024-07-08,22.96
941f8ebc-9231-4940-b411-ae85c351251d,50.0,Other,2024-03-01,666.9
9dd997b8-4164-46b6-9a90-9bdfd616e1fc,68.0,Female,2025-06-13,186.26
99d4372c-4514-4aca-8ad1-bc6c673756e2,59.0,Male,2025-03-31,961.46
9653b44c-4245-4d55-b9a3-775fb9dedd65,61.0,Other,2024-04-01,157.18
8de914d8-6ec1-4804-a2da-c20a80a74bf4,41.0,Male,2024-02-27,420.48
280098bd-1e25-4b74-a614-dd5034733a05,32.0,Male,2025-05-26,94.5
8257c4ea-5b38-4041-b935-a2210262c26b,49.0,Other,2025-02-07,996.91
44c0a71d-0980-4a51-bb56-dbcd6035939b,49.0,Female,2025-03-13,507.17
2cf57cef-5945-4c77-994c-a268788f4dbd,41.0,Other,2023-12-31,599.43
b8f90ec9-c498-4171-bdee-ec16c3778fb6,58.0,Male,2024-09-29,76.41
925c2ee1-900b-433c-a65b-e97fa6fe8537,69.0,Female,2024-05-27,752.46
9acb8038-9a87-45b0-82c0-f915aec7a7aa,66.0,Other,2025-06-04,217.81
1f6ddfdf-fe17-449e-9d7b-94d7743141bc,66.0,Other,2024-04-17,899.07
00cb68c0-c195-4de0-994e-00c9231561dd,69.0,,2025-01-06,213.09
4a16f191-2631-4c0a-90b0-948142c5e625,29.0,Male,2025-10-09,198.78
4f9d3094-8b64-4b52-8e3b-535510686aa1,56.0,Other,2025-04-14,46.18
5770bec9-8e2a-4bd1-a033-2f93f95719e9,19.0,Other,2024-05-03,477.35
6fed993b-3f28-4792-90d4-4c9547ba1891,20.0,Other,2024-12-15,569.19
03afa110-c5d8-47a0-b4c1-96013f8f19e1,66.0,Male,2024-10-07,75.05
99a77182-34ed-4b36-9e5b-5a6f41be6220,54.0,Other,2024-01-22,777.77
efb5bb29-7784-4fa7-a3e8-86a5f7a38d0c,66.0,Female,2025-05-25,458.76
51f1f936-efa9-40fc-b2ea-c4b9ca051139,34.0,Female,2024-03-04,529.15
88152381-8256-412b-8086-e8bb6f346cf7,66.0,Other,2025-02-05,446.36
c645001e-c2b9-4300-a905-552b8d8a9f20,19.0,Other,,406.76
76165ccc-12a1-4428-86d7-9c841a257baa,19.0,Female,2025-08-31,564.04
9657e478-faf0-4863-a2c5-d584a538619a,45.0,Female,2024-01-27,163.69
4f76295a-a414-43cf-a098-af0d78b9d561,40.0,Other,2024-02-08,190.11
b0b842c0-47c4-4bfd-aa51-64f528fc1a85,54.0,Female,2024-01-13,863.17
46689566-ee80-40a7-b107-af52ff947424,49.0,Male,2025-11-14,946.65
12e62127-e554-46c2-935d-1c2f60de6e45,50.0,Male,2025-09-12,379.58
859016e1-a081-4f32-a54d-3ee404e72017,18.0,Male,2024-08-29,278.04
c1613109-c51b-4aab-9536-f0641938b6fb,36.0,Male,2025-01-15,647.56
97f6554c-0302-47f3-8b97-1b5cea4c5cd9,19.0,Female,2025-03-04,414.65
60c37f17-3c7b-446d-850f-7d10b2e6ff97,61.0,Male,2025-08-08,35.13
bed490a7-ad3a-458b-ad9c-bdf1d18b83f2,43.0,Other,2025-03-04,164.59
3d52ccbe-827c-4b4e-8a2d-fb7ec96523a0,49.0,Other,2025-01-29,718.81
91114b44-6ad3-4882-80ca-2623bc6c04b2,23.0,Male,2025-04-23,662.33
382d3127-fb97-4455-b040-2a63989c8058,49.0,Other,2025-06-14,36.83
3d54b66d-77a7-4d6e-9103-ec2cbafb0123,21.0,Male,2024-10-24,229.75
7336aba8-6edf-4d46-a9e2-51ba77843e8a,28.0,Male,2025-11-05,238.76
1d467d62-2b14-41c5-b469-4682382955ad,34.0,Male,2024-03-07,675.17
a5c90068-57e4-4213-9363-c5e7b2c6d9ee,55.0,Other,2024-04-09,29.51
f9b3fedc-39a6-4af6-bbf8-440ca2db793c,41.0,Other,2024-11-09,113.07
5dc753cf-6a80-4ade-ba0a-2cdfe4f399b0,22.0,,,801.92
9761af92-8125-47f8-b39d-b77aa9185941,69.0,Male,2024-09-04,186.76
8b541c10-02da-4a43-836f-7af8d2adba6e,51.0,Male,2025-07-13,656.22
3cc8619a-de11-4b9c-b6a9-55896846fabc,23.0,Male,2024-05-30,
468f3a60-55a5-4070-824b-76f29d579983,39.0,Female,2024-09-10,108.45
d2a83b5c-b2e9-4573-b581-db775c342067,28.0,Male,,250.74
b6109822-434b-4d71-9ab7-f2d8388234b8,65.0,Other,2024-05-12,725.04
963c444c-3ac9-4f36-8344-3754ea30fa11,33.0,Male,2025-05-30,857.14
44d4d8d3-4e66-43a0-9182-8020d7fcea96,50.0,Female,2024-01-24,831.92
6fcd8b01-d9fc-4ff5-9431-ecfa9936cb40,26.0,Other,2024-05-13,403.21
777bfb55-6715-4c57-9560-c7b17c405497,23.0,Female,2024-11-19,671.4
a8f7b442-c250-4623-896f-1b4ec736b53f,33.0,Male,2025-06-17,212.93
b9afa4f4-244a-4f85-bb76-50d01b399d65,46.0,Other,2024-08-31,300.22
e72087d8-c205-45d8-9e8c-03adfe7f2336,20.0,Male,2023-12-06,897.37
bf38a952-0703-492a-a6c1-dce992db84b5,37.0,Other,2024-06-11,22.87
0123b967-020b-42c9-81bb-5c2d1e833bfd,,Other,2023-12-02,
821a4030-3928-4544-ac0a-4cf44f051114,36.0,Other,2024-12-22,215.81
a030f216-1900-4263-b46f-bf864c44d6ca,43.0,Female,2025-06-15,
59d9534f-6e94-433b-a5fd-dcc7c44175d2,20.0,Male,2025-06-26,189.62
3758aa51-77d2-447c-8fd6-35d5323c647f,36.0,Female,2024-06-11,587.21
64fc3925-a32b-4bb9-93db-3d8fc1f4cbb4,37.0,Female,2025-07-01,427.21
09ac6659-7f21-4457-8cac-c15c6b743703,49.0,Male,,893.74
dbb10f64-3925-4b69-97cb-39d84356b470,,Male,2024-11-10,819.27
5d87c750-6124-4fd1-854a-c8f791cf5377,69.0,Male,2025-03-15,348.4
07346a06-9796-4080-85c4-17decc8092d7,58.0,Other,2025-09-11,266.83
a1f67cc0-1065-4b0a-95c8-4e32dd23f614,,Female,2025-10-15,385.9
ad905a83-0736-44f6-905c-ba96b3c2ee5c,57.0,Female,2025-10-07,594.39
a6a83f3c-d34f-4f09-be3c-dca331e576d8,56.0,Female,2025-01-25,275.38
2a67b85c-e462-4fe4-a126-1a22bd0bdf2f,35.0,Female,2025-05-17,627.91
e1e99ec9-7413-4705-a777-93287b670da5,57.0,Female,2024-05-07,415.32
03ea203c-10a3-4c22-96f9-fa059d08a72a,18.0,Other,2024-02-17,
f45b26ab-421b-4983-a5b4-32db2604e9f8,28.0,Male,2024-01-05,441.77
cb66227a-750c-445f-ac51-c257763f14f4,45.0,Other,2025-09-18,301.52
64819bf2-eaa5-47ba-9448-9ccb02c6b632,42.0,Other,2024-12-06,948.97
578a854a-d6f2-4033-8af7-d34cf2d52090,67.0,Other,2025-10-18,765.97
d18674e4-736c-4024-9333-108726264cd4,40.0,Male,2025-04-29,148.71
f2689869-0991-4cea-90a4-5c6a6d764a0f,,Male,2025-03-05,869.78
6f1d80c0-ef84-420d-bb70-cdbb476b5703,47.0,Female,2024-05-24,
170dfa55-9deb-4dbb-b45b-2a0a968d2ee6,59.0,Other,2025-01-13,895.61
c6f8a190-8857-4516-8aa5-7e278a03fa96,52.0,Female,2023-12-16,801.86
59981677-1887-4a20-829f-37e480e77819,24.0,Male,2024-09-22,
002aa83b-5883-42dc-a61c-8d042697f32c,,Male,2023-12-28,32.24
12ddecc1-2df8-45c0-9c74-454afc714acb,43.0,Male,2024-02-23,275.99
0d8c6a4f-5ede-4a06-9461-4885afa689cc,65.0,Male,2024-05-13,546.22
b9d86bce-21de-4dc3-aac3-dada1b20f3ec,69.0,Other,2025-06-16,637.14
640193ea-7e00-46b2-84d7-95208d9f3ea8,66.0,Female,2024-06-26,265.31
8b9d32c9-b374-454a-871f-d017dec9d2d7,19.0,Male,2025-09-26,147.96
ae7e9302-e690-44a0-89d8-83a4c3f3a96d,18.0,Female,2025-05-18,836.58
b3d613e4-0398-4ff7-b582-8cef0facfab7,65.0,Male,2024-03-12,984.56
f811394e-8ba4-4304-bb76-7ee22f24ac6f,29.0,Female,2025-05-02,530.43
569ba04e-8947-415f-96dc-815ce981d8d0,,Female,2024-03-20,179.96
96924bb6-f3fc-4453-93b3-657646fa9919,54.0,Male,2024-08-20,279.58
13b234fc-7df8-4491-9fee-05aaeb170afe,49.0,Male,2025-10-15,28.21
89ead4c2-a78a-489a-8dba-f6a45ed583f0,26.0,Female,2024-09-29,915.16
7e5116c3-2a23-4086-b1ef-6307e86f264e,58.0,Other,2024-08-01,126.57
b0b6c925-794d-49d8-b005-3e7efab23434,52.0,Male,2025-01-24,580.75
abc29188-27e9-4289-891e-349553584369,36.0,Male,2025-11-02,281.31
ec83af50-ecba-4f5d-814e-a8030d2cda9a,65.0,Other,2025-10-07,558.64
c8ac719e-96fa-4771-8c2a-015fa142e70c,33.0,Other,,654.91
2cccf253-1af0-41df-b3c0-d287c2dcee93,20.0,Male,2024-08-03,831.44
15d0fc86-fc86-4dff-9f2e-1a4d74b06ed5,37.0,Male,2024-02-10,214.36
7bfdcf09-0834-4a74-b43a-5199b49f55be,41.0,Male,,20.89
089199ef-cc66-488b-86b3-b447705e2c1d,50.0,Male,2025-01-28,145.52
9bf89666-19e0-41d1-b9b0-242614eea613,41.0,Female,2025-02-28,901.02
28c3ccd9-4f2d-47f9-951c-ec42b32e41e3,69.0,Female,2024-10-27,875.15
bb7079e5-4606-4815-b693-c6df6cc5bf02,28.0,,2024-01-28,601.44
68214bb1-4378-43bf-b08d-6bfacc3cec38,66.0,Male,2025-02-06,604.51
7fb0f4ec-062f-40fc-bc24-0d35010de4b2,25.0,Female,2024-03-20,668.39
52665f38-5bc9-44ef-a037-283322568ff0,53.0,Male,2024-07-10,183.62
60ce91de-0d0c-4764-84e9-6b7e56bfa08d,55.0,Male,2024-11-10,915.27
4975a2d1-8d0c-4b67-821f-ba370d760e75,57.0,Female,2025-02-21,424.58
f6d5ad0b-a027-4f4b-a0a5-9825bed5cdde,37.0,Male,2025-11-02,389.31
1dd95aba-99fd-4233-8abd-55a0ea8ad099,52.0,Female,2025-10-09,523.73
c0e36129-9d8d-4cdf-b733-cea6691f4e3b,65.0,Female,2025-03-21,56.5
16b0fe9d-aa11-4866-9ad9-74b14574d56f,42.0,Female,2024-09-11,174.62
46494acc-522c-41e3-84a2-1b8c92537995,52.0,Female,2024-02-03,740.65
75489016-3241-4e5a-a796-01b9fb2dc0b4,,Female,2024-03-02,91.97
6e678c13-bae8-48c2-b153-e9e8f0956684,46.0,Other,2025-01-29,607.12
99fb31f8-77cf-43e4-a06b-2c56d45f41d1,35.0,Other,2024-09-25,252.9
12ebb7eb-8d56-4da8-8fc8-8d311566c397,63.0,Other,2025-03-23,
cd5db282-5aa5-40ed-a247-5384bc7d46b1,35.0,Other,2025-09-16,295.81
1ad33cbb-98a5-4eba-b9e2-081637b599b7,19.0,Other,2024-08-07,362.12
d956182b-20eb-4708-8b73-a8d68f014890,52.0,Female,2024-09-27,721.86
1e7d57c3-10af-45d8-b0d3-849fa916752c,33.0,Male,2025-04-01,304.15
7b138c0b-8709-4827-a4d0-07058ff6dab2,58.0,Male,2024-10-01,570.74
1763eeb3-a1e3-4c03-8692-f739594a4af2,53.0,,2025-02-21,481.29
e9e4c3c5-56ea-4361-b1b7-43c20c4fe78d,,Male,2025-03-04,667.03
d939a8e8-92c4-4c32-a16c-04ac42eeed6f,21.0,Male,2024-04-04,937.46
81452fa9-50df-43d5-bf2b-b0d41811d45e,50.0,Other,2024-04-17,735.25
b05198d6-c3c6-4d0b-b92d-cfc57889258c,31.0,Other,2025-01-12,222.79
0e51b5e9-108f-4c39-a7f5-1d58ed9b8753,38.0,Other,2024-10-21,40.87
a4b85979-b37d-454e-add6-90767ac1956c,65.0,Male,2024-08-11,269.64
bed025be-f31a-431f-8675-9a550986523c,37.0,Other,2025-07-07,599.13
e7c94b20-68fb-40ad-a78d-c7b994844853,25.0,Female,2024-08-09,
c6cf5d9d-ac66-425c-8e1e-7cf8567dce59,24.0,Male,2025-06-28,501.4
8492bf07-8d43-423c-bfd7-62d8eaf1a0c3,20.0,Male,2025-11-14,600.87
bc139f86-35ce-42fb-b470-7a30e33bd416,34.0,Other,2024-12-16,340.9
af9402dc-82b7-4b7e-89ac-8c4aa8e9e49b,50.0,Female,2023-12-02,773.2
fbfcbfd5-36d8-4757-a20d-2e8e2d1bba2a,65.0,,2024-10-08,115.53
0793d4c3-0d7a-4c07-afe5-2fcbfbc5c025,29.0,Other,2025-10-12,84.39
dc388d41-1a9e-4b5a-8827-711317fbe00a,68.0,Male,2024-12-19,730.91
d95ac02c-7f35-4353-9a24-d44af7e5754d,39.0,Male,2024-10-20,500.54
f0cd191b-ca27-42b1-86cd-079b06713a2e,39.0,Other,2024-12-18,691.52
3f067299-5672-43e0-a25d-2fa8c5bec43a,63.0,,2024-09-05,440.48
a6848855-a847-4ab7-833a-879999834050,47.0,Male,2024-09-20,253.94
37015cc3-2505-49fc-87c4-1302b1b0cbea,55.0,Male,2024-04-28,820.91
1b7e3cc3-770f-44c6-a27b-a9818b0c48dc,55.0,Other,2025-10-16,801.42
18dce070-c6c2-4141-b67f-917710fc970e,62.0,Male,2024-04-18,697.75
8a64fd80-4a71-4f70-8dba-fa18feac60e9,68.0,Other,2025-07-13,279.42
b93bcc4d-b2f9-447b-a347-54ff154b8f45,25.0,Male,2025-07-11,594.33
b39f9fae-cf7e-4221-86be-b4bc81da181e,44.0,Female,,367.36
6f8b4ca3-82b3-4bcc-958c-cf95996ac018,44.0,Male,2024-10-26,100.67
a7477183-aff6-4faa-8601-5ed350781a56,51.0,Other,2024-08-07,918.14
46144b61-e49c-4e0b-92ea-382f6f16ac97,38.0,Male,2024-05-30,145.45
e112394f-673e-4458-acee-e0b6ae7081b1,47.0,Other,2024-07-26,950.73
8b5814b2-b85a-414f-a1bc-43ee3fc31380,50.0,Other,2025-10-25,451.55
a9cb6c6c-4a79-4712-af76-261510de1b1b,45.0,Male,2024-09-24,193.28
d332b399-b954-44f6-b3c3-a2f488539a85,64.0,Other,2024-10-02,546.48
932cbc31-f8f8-4bd6-acbe-6d21e2250b34,50.0,Male,2024-06-20,874.22
d2ab37c9-095f-4663-aaa3-a3bd059d86f3,22.0,Female,2024-11-21,734.9
131b70e8-e0a9-4ae4-9416-4af41c30de83,,Other,2024-07-20,808.5
421bc689-cfd5-4a75-add4-e3d4edcea4ab,36.0,Other,2024-03-17,662.2
ee4647ab-9bfe-4934-98a0-271ec8c5d1bc,21.0,Other,2024-12-10,695.35
7b0fcdb6-3f48-46d0-a690-9cda44af6b8f,52.0,Other,2025-01-04,850.7
db6033e5-b90d-4686-8a7f-1369805f27b9,66.0,Female,2024-02-15,257.17
06b4914a-19eb-40d9-9b24-55995b957216,34.0,Female,2025-11-07,494.53
f111ef26-49d2-4629-ab5a-5c3a00b25da5,61.0,Male,2025-07-28,229.0
689fc3d1-d3cb-40f4-90d2-6a1af146dff7,45.0,Other,,987.79
7e940b40-ccd8-4bb8-9ecf-2cf4684426b0,47.0,Other,2024-03-31,944.62
a4150406-f7c1-45bf-9a3e-822e4f49aad2,46.0,Female,2024-01-03,49.03
df7b786d-7c05-4f70-be80-f9795fe42d8a,63.0,Male,2024-09-12,708.52
18da8699-65a3-4e64-8ca8-7723a7183750,23.0,Female,2025-05-24,
aaf2e0f8-666a-41f1-865b-36b83739d5d6,52.0,Female,2025-09-17,188.77
d33446f9-a11c-4128-80e2-d2511082abda,58.0,,2025-08-06,572.27
dd9934bd-e2ed-4914-98c4-1d0b375351e0,54.0,Other,2024-11-07,916.33
acde7611-d257-4798-9c11-6c4c01ee4cfa,41.0,Other,2025-02-14,43.61
8d259cb6-a13f-4750-ade4-809ad48fa99c,46.0,Female,2024-07-24,700.45
ec0ebe33-7041-4868-a56a-2a17210524c5,66.0,Female,2024-11-13,304.38
4d36ec7a-55f6-438d-9e0f-24f634384df3,63.0,Female,2024-09-06,925.15
b91c55f3-7406-4ffc-b9a3-6cbf26d055a2,48.0,Male,2025-10-29,971.35
a6997000-424a-4e39-b676-6868be66f50b,52.0,Male,2025-05-25,944.82
d6669bc9-9732-487d-8722-b46eed30757d,50.0,Female,2025-10-03,479.47
8a6aca5a-34ed-411f-b706-83b1f09d8f8f,69.0,Other,2024-12-19,863.42
d27f9c51-950d-467d-aec6-526338e362c5,38.0,Other,2025-05-25,
95f001ca-8795-4bab-b25d-3debcbc8f198,49.0,Male,2025-01-20,325.91
7f94d115-2b95-444c-853d-74bd99d994bd,40.0,,2025-06-03,830.63
455dc7e3-2af1-442d-9eba-4e640f6c50bc,50.0,Other,2024-05-07,46.64
cac8b89b-6d5d-4623-ab2e-21ba76f19a9b,20.0,Male,2024-10-26,600.31
7e92126d-01d9-4954-8475-f1241840c1e0,35.0,Other,2025-06-15,
6428cfce-b1d5-44b6-b639-a385bc8caba3,42.0,Female,2025-01-14,129.36
63af11a3-2a43-4b9d-99be-45a4ebf1db5f,59.0,Male,2025-03-17,86.18
cdf4153e-e343-4462-9c6c-07dd6abb7dae,48.0,Female,2025-05-12,699.33
e2c3e532-222f-4113-9d27-5454265bec93,20.0,Male,2025-02-28,346.48
d167f597-c6e1-45aa-a2e1-77f928fd4996,57.0,Male,2025-03-31,727.52
0d967a4c-c136-4979-8535-69eb43f02b82,63.0,Female,2025-04-25,74.7
80252f9b-b93e-4674-b0e6-81577408ffbf,41.0,Female,2024-02-01,322.14
45a97994-b99d-449f-af67-d13fabe2c7ed,67.0,Male,2024-06-24,544.1
fa277556-0fea-4c10-bb30-cca9fa710841,49.0,,2024-04-01,792.82
d25ca37a-1ad3-4eec-b3df-e05367ceaba8,64.0,Other,2025-06-18,325.56
b155e6a2-881c-4d32-83a6-2f9420d3a2cd,39.0,Other,2025-07-28,629.63
53d131f1-9434-483d-b013-69fd537f4599,40.0,Female,2025-02-06,887.12
7147c29b-34af-46a4-9119-98447300a015,19.0,Other,2025-01-16,619.7
bd012051-2acf-4daa-b57a-33f289ad3aab,44.0,Other,2025-03-27,240.63
aab77b21-b710-47f9-867a-2159906f32cf,59.0,Other,2024-04-03,34.16
0f944b61-3a62-40e5-b16d-50f6d016d2cd,19.0,Male,2024-03-10,871.4
9a18c892-70d6-47d5-a57a-edbecced5b36,43.0,Other,2023-12-09,31.06
c50aa29a-a7c9-4d3d-8eb0-90696a70c2cf,34.0,,2024-11-18,875.95
dc238116-c684-455e-928c-868f2801bb90,57.0,Female,2025-09-30,533.65
aceda367-9804-4486-bef4-371f1f2b2e33,50.0,Other,2024-09-19,939.68
7c8358b3-6766-4fca-8e6f-04698b066e15,26.0,Male,2025-08-09,800.8
e5a6382a-7202-4563-bbef-7d22e8aea852,60.0,Male,2024-06-27,997.95
43649883-c970-4600-834c-59e875f17810,65.0,Female,2024-05-06,357.2
3637f1c5-ba2f-407d-a80a-a415e3c3d843,56.0,Male,2024-10-12,769.52
721336f4-133a-4e14-bc1e-ed13af5b1759,46.0,Male,2025-02-21,407.91
7d152480-5cd2-4ebd-8771-22b059390e96,59.0,Other,2024-06-21,485.08
567dbfaf-d856-49a5-8f04-4fa44042a047,43.0,Other,2025-09-19,631.23
746272b1-4206-4226-9699-61a2e547b5f1,52.0,Male,2025-06-20,874.94
7d7b0edd-8c99-4991-9be1-917073b2daaf,67.0,Female,2025-05-09,984.24
9324e88f-91f1-4eb7-b06f-9f0b38fb500a,42.0,Female,2024-11-01,770.59
92aa5335-edbe-4644-ade7-de37059e15c3,41.0,Other,2025-01-13,423.59
d173865c-2778-4ac7-a585-ded8348c6783,30.0,Male,2024-06-17,427.14
d1fd18da-a3b9-4f84-a3ce-6e36a3816cb6,,Other,2025-11-08,
047ae987-b00d-4dd7-8013-4db3b5002910,53.0,Female,2024-06-01,246.39
06fdf626-cea7-4b49-b33c-8cb6e47d6765,62.0,Male,2025-07-08,119.37
51ed292d-40b2-44b1-a24f-aaebb2068613,,Other,2025-09-20,361.08
4cedf20f-3ab3-4099-a573-7c9283f3db81,18.0,Other,2024-12-16,294.37
6255bbd3-2311-4424-81c5-d9f2ad1c2cfb,25.0,Female,2025-10-08,303.35
b7d9cb1d-c1f1-4f51-ac8b-5691162da309,63.0,Other,2025-04-05,241.27
070d5713-c216-45f2-9ea5-cc626b7d17fe,33.0,Female,2025-01-05,51.67
0764dc38-3c71-45f8-af5e-29f50879359c,31.0,Female,2024-04-11,27.7
e052e687-55fe-4256-9513-3a65ae92903c,29.0,Male,2025-09-13,987.85
6016fde4-f4eb-4fe3-8224-029942127c12,68.0,Male,2023-12-23,433.5
9411dbde-6939-4c98-8aec-a771c2016729,,Other,2025-10-21,390.48
4050c872-9ed0-4408-b1f6-8e941a35951d,32.0,Female,2024-07-10,
1e597ba9-49cf-4d08-bb16-a79d1a5d2e1d,45.0,Female,2024-12-21,226.07
e639c188-87bc-4a06-ba35-c33c3236883f,,Male,2025-09-21,950.46
5820e4d7-6f5b-4163-baf7-d2006ba35617,19.0,,2024-03-21,788.48
1de2732b-6932-4bb2-9319-585a50303b78,49.0,Female,2024-12-23,98.52
92683a29-dd7f-40b4-bb2e-14ec4a5583d8,40.0,Male,2025-04-24,423.4
894a7d3d-8b28-42d5-bb0c-b07fe9096fbc,39.0,Other,2025-03-08,880.33
ce7bfa9a-3dbf-497d-ac77-9ff948c05e1e,68.0,,2025-05-03,945.28
569c2c9e-f9a2-472b-b354-ebcb8f83e5d6,42.0,Male,2024-09-15,472.73
4f13c82b-7813-4163-8a70-c53ef1a1083b,39.0,Other,2025-09-27,617.28
f88745e1-dde5-48c3-8a2d-eed1940a70a1,39.0,Female,2025-07-16,175.36
4a143a6f-952a-41e2-9f97-f1590826387f,66.0,Other,,991.26
7edf9326-ebda-441a-a63a-091ab903c3a6,,Other,2025-01-05,239.35
4d4fbf63-466a-40e3-a338-05430f801217,59.0,Female,2025-08-30,943.3
ab732c48-4daf-4ce3-a231-f99ec114628a,23.0,Other,2025-01-04,653.15
d2002ae7-88a9-4861-a5e4-59fc600725af,32.0,Male,2025-04-05,611.66
38ca23b8-bfb2-4532-9e4e-62b748a5ae18,60.0,Male,2024-11-12,517.56
68170037-6b8f-4f0f-b3b4-3131fb81a31f,54.0,Male,2025-02-02,238.36
124e5578-697d-41f2-ab4f-9dabc7fd00ef,50.0,Other,2024-03-13,184.76
7dfd1f8b-e762-47f6-a123-d4437b02510e,25.0,Male,2025-02-22,228.28
0067046a-3944-4097-b98b-b72ab766b717,61.0,Other,,194.57
8093f46d-7d4c-4816-b1c1-f6742527120f,61.0,Male,2025-02-08,781.79
39bfc12a-a608-4adf-a9fb-9957b9cf6d65,22.0,,2025-11-19,356.62
3c193305-766c-425c-802d-369830c24c0e,56.0,Other,2024-06-26,67.26
6d706a45-1762-45a6-8720-4c8453669fe2,21.0,Other,2024-10-22,969.41
c1e5e464-b5d2-4bd2-9ccd-00bcef8025d7,23.0,Male,2024-12-25,884.95
cefd8eb6-3be1-4da5-b580-2ca4177fdb9f,62.0,Female,2024-09-13,928.47
7b0806d3-1bd9-4907-8dda-dfd290d70930,49.0,Male,2024-09-07,994.96
9e944df3-3120-4310-a9f6-2dcadac2d360,69.0,Male,2024-09-30,182.16
e9e20c13-cd34-49c5-a37a-62ce7708368e,47.0,Female,2025-01-10,402.28
02938bc6-f977-4d4c-bd94-c398baa7a972,64.0,Female,2025-10-09,760.66
db9c8d0f-c3a2-4b66-ac4d-63a28e5a1c25,52.0,Male,,
ba3f2ccf-b109-49a8-ab44-aecc7b93a264,57.0,Female,2025-05-09,162.36
71ac47e7-d220-4a5d-917c-021717f6e357,69.0,Male,2025-02-16,817.67
1e5a3b27-9c91-43b8-89d1-30b64f94913a,33.0,Other,2024-08-02,232.2
4fd14479-cf34-4138-a338-a2fdc4c44704,30.0,Male,2024-04-11,231.58
b602aadf-b6c2-4d30-83de-16dfe26317ba,67.0,Other,2024-02-20,541.6
0d050010-8665-4a31-aedd-9dd5793b7499,59.0,Male,2025-01-03,
e8bb4886-306e-4ff1-91ec-5746be93009a,47.0,Female,2025-04-06,584.29
63a0e411-57fa-486c-8e2e-b5de29df8275,36.0,Other,2024-06-20,100.57
cc7c7ebf-a589-4d8e-aaf9-126c3bb5c537,34.0,Female,2024-10-16,878.69
aa892671-d57f-4e9f-953e-287a6ec2da57,36.0,Other,2025-11-16,272.94
585c0aad-a8ed-4b95-92d5-744070c9d883,45.0,Other,2025-06-27,138.22
6732adc1-e79e-4e9b-85ed-ee7284dcd1fa,43.0,Male,2025-08-03,889.86
a9885ad5-f856-459b-87fb-5727ba220ecf,54.0,Male,2025-06-19,956.09
d80165a4-2899-4c3c-8a0a-16f1be9dace7,43.0,Male,2024-02-27,863.51
befaa9ea-bfc6-4f0f-87be-3c029eb8b68c,40.0,Male,2025-10-23,811.42
339e756c-e4bd-4611-8cb7-7b3682dd7edf,26.0,Female,,658.69
59113af6-c221-45e2-87bf-238f0293c4d2,29.0,Male,2025-02-17,555.35
047bd801-3d8f-4ac0-bc8d-bbf20acc4423,18.0,Male,2024-07-04,96.12
07595af9-599a-43f3-b401-1d61df14c5fd,18.0,Other,2024-04-25,414.37
ad4ad224-e0d2-406a-864e-0dcf636e3a2e,64.0,Female,2025-03-12,378.96
f703f918-9975-4a6c-a084-e2623ce588fc,51.0,Female,2025-06-06,267.16
4772cfe3-d379-4f41-915f-c3772912763d,,Other,2024-12-25,726.19
a4cb8d83-dadc-4086-a84e-6db2219dd74e,65.0,Other,2024-08-11,500.92
8682c979-ef3c-4bab-9567-e9655c936d99,42.0,Male,2023-12-31,90.24
b3d7f64f-3191-4f57-9c82-307f3ecbbc9c,57.0,Female,2025-10-26,227.98
8fc52ecd-6ae4-4d48-92d7-d7a28f36c35b,62.0,Male,2025-06-03,
872d6715-59e2-4d96-9860-0d9c17e18e3f,18.0,Other,2024-10-23,85.37
eac5995e-9c7f-4291-825e-91f3dd83450e,33.0,Male,,852.69
2114a687-e2f4-42be-a471-bfc9d01b9feb,56.0,Female,2025-11-26,500.2
5d279927-2ee3-42b7-b754-411b509937b5,22.0,Male,2025-11-24,485.78
9479ff1a-5fdf-4f5e-85fb-8030e50f70b4,39.0,Female,2024-07-30,596.48
9d8a375f-2325-4b41-835f-ce3f61cb73c3,46.0,Male,2024-12-14,826.43
9d52c572-5db5-4c9d-977a-3803803dd54a,20.0,Male,2024-08-06,354.33
9e44c961-286d-4cff-8a25-4fd674a58c6a,29.0,Female,2025-04-09,681.24
c05fdaac-5b91-42ee-b830-aa1c830b013f,43.0,Female,2025-10-03,570.07
c620ccf4-204f-4b60-9a2f-30e295da3a0e,33.0,Female,2025-07-19,274.36
a5cad45b-194b-43b0-9fad-ee5d2d862d2d,68.0,Male,2024-04-13,879.84
36c2399f-e8ef-4ea4-b2ee-7795e4f294e7,54.0,Male,2025-06-15,799.45
3887f686-4248-4e41-8320-78c0410a2ef2,39.0,Male,2025-02-23,661.87
c1ca385e-71f0-446d-ae2b-e6bd6b8c3f83,46.0,Other,2025-05-11,852.08
9ec29fb5-aae2-4057-82ce-ffda799ce975,31.0,Male,2024-02-08,868.62
4f5338c3-bb22-4fef-bcf0-e09d667a9fba,45.0,Female,2025-06-24,711.28
71cb3a46-59c5-42ea-a3fb-a5eb3f3d5ae8,22.0,Female,2025-06-09,838.64
e96d7abc-493b-4b0c-a753-6d92b70149d1,64.0,Female,,700.5
44fa22ef-16dc-4131-ab15-167d89f1cd7d,66.0,Male,2024-01-15,683.34
a540a02e-2fa9-4a95-9eb3-372876679857,47.0,Female,2024-05-07,622.43
022b050a-a9a9-4958-ad68-a2baf5b277a1,63.0,Female,2023-12-08,755.19
f96da66d-1218-4805-b015-6c9e656529dd,69.0,Other,2024-07-29,167.02
585149b1-81a2-4fc8-a8ac-087d4c67f388,22.0,Other,2025-03-10,882.06
62cc7507-bdb8-4e8a-840e-b3890fae5c20,29.0,Female,2024-09-21,873.13
41ab3664-7af7-4698-8e77-d768e62b8fcf,33.0,Other,2024-02-28,38.95
7331df6c-98a9-48b4-be63-796be9a2a55d,43.0,Other,2025-09-17,827.56
f82ebe14-b17b-4bc1-a69e-47dfcd22b3fc,43.0,Female,2025-04-26,137.58
1bf4b9e3-2669-4151-9335-6cb00de359d4,65.0,Male,2025-08-14,341.77
1e796a12-9757-420d-b5ca-73fb355f4878,,Male,2025-01-08,746.07
a2e4b9b3-9e3e-4333-8345-0bab7b5e0f51,56.0,Female,2024-03-30,169.15
e7ef3eb6-c18f-4a38-bd08-ca147acb33ab,53.0,Male,2024-12-18,819.79
1494fbdc-bacf-4dc2-9c45-dd956940bc3b,50.0,Other,2024-04-14,833.81
b394b82a-6924-40be-93bb-bcf19bce1e2c,47.0,Female,2025-01-16,512.39
5e42fd25-b839-418d-8e31-779e0afa0156,54.0,Male,2024-12-07,16.32
a558f2c4-b581-4cac-9838-ac55d1afdc48,40.0,Male,2025-05-21,294.17
bdc86f6e-2e49-47d4-b763-0469158a6c66,27.0,Other,2025-08-04,620.76
89ae3010-be36-4002-8f2d-c2e52116592a,22.0,Female,2025-02-06,981.37
1540a62f-3079-4a94-ad3e-4119d39f7084,53.0,Female,2024-05-11,635.5
678b7122-112f-4ca8-a607-a964e1ffc75e,51.0,Other,2025-09-02,
7c87f8c6-dfdc-4f7a-8401-d1b2f7d55c3a,69.0,Female,2025-07-09,637.67
35d6df12-5a35-4d4d-84cd-1a35bbbb2b36,48.0,Female,2024-08-15,544.59
8c656496-d31e-4f0b-938d-cf026a65675d,27.0,,2025-04-04,782.05
2b0317b9-3299-4633-b825-420060c997dd,36.0,Other,2024-11-04,115.91
28aaa2e1-75f4-4f91-8d09-efb4fbfe6995,49.0,,2025-11-09,763.42
6bd21756-2ca8-4854-8437-3329d426b5d1,18.0,Female,2025-02-01,545.85
61434d60-cedd-40b0-8811-a56fd3a7a3f7,22.0,,2025-02-24,963.36
fa529e7f-ca03-4823-b825-eee6c168ae5b,62.0,Male,2024-04-04,348.45
c60adc2c-b139-41d5-8e74-81e5000db412,21.0,Female,2025-04-27,636.3
ad1f3503-5400-4cb1-9d6c-8ee7c39f0116,,,2023-12-16,932.71
94551b0c-41dc-4483-b194-081e63bd3879,41.0,Other,2024-04-04,111.48
101ad3b0-da8e-44ad-809d-f224df2b18a6,33.0,Female,2025-05-08,937.86
e013ee2e-80a8-42a8-9733-3af5893bbc68,19.0,Male,2024-10-24,
95b1e5bd-4cbb-450c-93f8-84db6256b64d,66.0,Other,2023-12-12,77.16
6f52d660-d9bf-4133-b362-c6f88658ba6b,45.0,Other,2024-10-16,307.95
0ff4dd8b-0608-4670-b7bc-592aee09087b,49.0,Other,,711.09
00f3132a-5715-4e92-8f39-893b18ad7851,44.0,Other,,76.68
2e65139c-3c6f-41c6-be34-2fecb590d790,,Other,,586.35
07524f67-bf11-4212-a15b-c37414e1373b,41.0,Other,2024-03-06,352.42
87acca39-bebf-4d27-89c4-bc3f8eb3a861,29.0,Other,2025-05-01,624.71
e58066ed-9a55-4c83-8247-6e4124801226,67.0,Male,2024-06-11,55.28
61ce9707-ef43-46f7-b78a-f4303ec46448,52.0,Female,2024-10-29,872.82
27413906-74ca-4ec9-8a3f-cb5a56148d71,50.0,Female,2024-03-25,973.75
e126a0e1-f5f9-4825-aaa5-b31df6796e4d,50.0,Male,2024-11-24,
e042606f-e0e2-4de1-946a-86c624811ee6,68.0,Other,2024-03-14,752.16
f9fa33e9-1ab9-40e5-9644-29af88613db9,60.0,Female,2025-04-10,138.79
87caa0e9-51ae-4d12-970a-ce19a7855b4d,54.0,Other,2025-05-28,760.68
756a8776-5bd6-4125-a55c-d36acf562674,29.0,Female,2024-03-11,34.34
23781b6f-1c54-49f4-b690-a78a5f341564,20.0,Other,2024-02-06,31.9
93168c58-3faf-474b-a560-ad992ba5ad2d,18.0,Male,2024-05-22,
7c6e7a74-7b66-433c-b179-3dbae2a5cfb7,50.0,Other,2024-07-02,493.76
7f5d6565-af66-44b6-95be-75c74216afc2,57.0,Female,2024-07-28,772.7
f0f9d39b-f944-4ef1-9cc0-1b31bf97e82e,,,2024-04-17,686.46
f89176f6-aca7-4eb1-822d-1613799fa9d0,60.0,Female,2024-06-10,451.44
fc2d4870-fe9a-48bc-94b6-1135c6645d14,61.0,Other,2025-10-09,280.89
8f856cd5-f5d8-4a98-bb6c-8850a998a959,46.0,Female,2024-11-28,
95119e75-616e-4ea2-b690-c05a50c1086d,30.0,Female,2025-05-22,431.92
22106b99-5f94-4e36-a0a3-133088c4b7a1,29.0,Female,,456.87
3e2ba089-7015-42e8-b479-fcd7789ae50d,48.0,Other,2025-03-01,171.99
7ec5474c-3b7d-4a98-994b-e33c15a709f8,63.0,Female,2024-01-11,796.86
3f723dfc-2e6f-4dd5-9f79-acfacc8a248b,19.0,Other,2024-01-18,696.75
6c8d967f-d3d4-4059-9daa-801f5d8f8a9b,68.0,Male,2024-08-29,228.56
b204351c-0128-49d0-9c25-b7bf1322433f,67.0,,2024-08-23,91.56
50c0369e-57f3-4b14-a30d-4b8f3283d997,52.0,Female,2025-03-23,683.69
260aa535-9350-4621-bde1-ad4215921bdd,40.0,Other,2024-01-28,657.97
273b51b1-7d54-4e44-ad7c-1dc1bba800f9,34.0,Female,2025-01-20,280.53
f4c39b1d-16f7-4478-ade7-296def1cead2,43.0,Other,2025-08-18,951.35
ea4f01a2-c631-4f94-bc92-68ad118cd072,,Other,2024-08-23,159.55
d628205c-3d4c-4812-8413-93fc4069f31e,46.0,Male,2024-05-18,438.01
9c1b6e10-d769-41e6-8f2e-2cca5b786d6f,43.0,Other,2024-04-20,944.18
57334393-ed25-44ad-8ee0-8e41aaa79ac3,,Other,2025-09-23,425.53
0f835054-699e-4801-a2f7-b5640d61842d,43.0,Female,2025-10-18,642.14
ff5b705a-1f84-4919-bf33-307004880f78,51.0,Female,2024-05-30,403.62
9e2d4d7d-49e3-4c98-8615-265c944703f0,68.0,Other,,281.47
7bd3a1d6-7f9b-47bc-9a67-0b2435baa42c,58.0,Male,2024-07-06,
8e28e567-6ae0-4f77-87dd-0e463fc6b17f,24.0,Female,2025-06-12,415.24
993b544a-0674-42d4-9b78-c5e9c51c5672,,Female,2025-05-11,895.16
bf8bc9ae-6f1c-4690-9e9a-ef4ec21ff53d,67.0,Male,2024-10-20,237.66
2cf40e78-fb98-476c-9c73-4f7e09eb3319,62.0,Female,2025-10-11,220.97
180ae861-613e-4a73-bf4b-10c011694bc6,28.0,Other,2024-05-14,40.82
8daecf91-16f7-4e52-9137-a8ec709fa5cb,46.0,Other,2024-11-23,655.15
179febc9-fc5a-4f17-ad87-c1704a92a183,53.0,Other,2024-01-22,374.84
202700e4-8297-41a8-9c82-ec440ad3c38e,42.0,Female,2025-07-20,865.71
9e73007b-2b76-4104-b12e-e77ae5b21d49,38.0,Female,2024-10-03,478.48
a77b9ff9-b208-4ff0-a2d3-0c6b2361ece4,53.0,Female,2024-06-17,968.51
a1ac360d-d2fb-4a2e-9f77-7ac006e5c19f,27.0,Female,2025-07-25,
3089c22f-6991-41a2-972b-0bf246c65b7f,54.0,Other,2024-05-28,869.94
dd386382-560d-4b46-82e7-482c96dcea8a,26.0,Male,2024-04-28,778.83
e1c6c446-21df-4ebf-9d4c-6b2e11e5e52b,41.0,Other,2025-01-07,773.21
9a155daf-3efa-4474-b193-40f279c426ac,52.0,Female,,846.34
791a0ac8-63c9-44d6-a501-b07f0e29b8b8,66.0,Other,2025-03-13,763.41
d7ac5329-d4b3-4a90-884e-a670ca5538b6,52.0,Male,2025-06-24,629.96
f65e7b4a-37fd-4991-9689-4eacaa94dcaf,65.0,Other,2024-03-05,139.93
7c6012bb-57ff-40a3-9a48-4a016e551d69,,Male,2024-11-08,42.2
be8deff8-ca36-4c7b-bc69-9c222768ddf0,35.0,Female,2024-04-12,921.64
f7abf051-8f5a-4e69-be17-62bc9b7a4b27,66.0,Other,2024-01-04,620.48
42e5027e-8ffe-4cfd-956e-796cad21eee8,56.0,Other,2024-11-29,798.57
6fae2675-28c8-40c3-9fd0-11745ddb2b53,49.0,Other,2025-03-22,486.71
78e32f62-d005-460f-8e39-503e9ff138eb,41.0,Other,2025-07-09,126.14
74b64794-3eae-4184-94a4-dd7808c78209,40.0,Female,2025-02-09,133.93
e32c1e4f-0458-4693-bc4e-68aadf766a6b,49.0,,2024-12-05,688.71
2f4aeca5-463e-4f12-aa44-d6ef95271f41,,Male,2025-09-06,436.0
05578fed-2aa4-49ff-89ec-6a13ef3e8078,29.0,Other,2025-07-11,208.52
3bc93988-d87e-4bc8-b365-95561a167fb1,66.0,Female,2024-08-05,496.68
9c39da87-51b5-410f-85ee-b47833c4e182,30.0,Male,2025-06-08,73.57
25c28c3f-83ab-48d6-a0a9-ca25c0fe06ba,40.0,Male,2025-01-11,586.15
3940ffa6-6d84-4bb4-8375-dbc5a09136fe,42.0,Male,2025-08-25,276.3
e50e17eb-9be4-4674-b36f-67dbfaf8b408,52.0,Male,2025-02-11,799.58
580046e6-1a7c-4fd8-9cc6-ad1a019d41c7,58.0,Male,2025-02-24,317.26
935cc079-20c5-4fec-ac73-96745f8a9d94,47.0,Male,2024-08-28,460.67
60378ac0-2245-45b7-abbd-f3306435bf8d,34.0,Female,2024-08-21,21.5
38a3d6c2-eeba-4df5-a3d1-a8d25f21549e,66.0,Other,2025-08-05,81.72
2d4e43a1-5670-466e-b758-155bb14d44b5,37.0,Male,2023-12-28,398.57
e5abbaa0-5792-4ccd-9abc-b251b000681f,65.0,Female,2025-03-16,485.14
b66109a2-085e-4ec5-a50b-9cab18495cd3,42.0,Female,2025-11-13,604.02
925a5de5-f048-4037-a5c4-0fdc998931f6,39.0,Other,2025-02-10,298.75
019b1899-adc4-432d-afea-ef2089dad9e0,30.0,Other,2024-03-24,698.03
9f8a7e9b-3a10-48b9-8e90-6c9f918ad398,36.0,Male,2025-03-11,861.52
a5befff5-a1dc-425e-a968-61f6c5971533,66.0,Other,2025-06-07,
01ac3926-da87-44a5-a07a-7fbbd2b8d1b8,53.0,Other,2023-12-15,49.22
017d25b7-a67d-4cd1-b351-8a9543051857,29.0,Female,2024-06-13,485.7
d748a7ae-35cd-4650-bf47-e4737b29e483,58.0,Female,2024-11-09,113.88
cc4316af-a18c-4e13-aa16-8d2a7e3f5b9c,36.0,Female,2024-08-16,249.62
a5e26cc9-6872-49aa-a380-902b433148bd,29.0,Male,2025-05-05,986.8
ed5dd842-dcf9-4994-9b31-9f59a5d4954c,26.0,Male,2024-05-12,151.07
110cc8c6-2f67-4d6c-aa72-30222cf0233b,24.0,Other,2024-08-09,503.9
f3137315-52b9-44f4-b4ef-865176b39260,45.0,Other,2024-08-20,621.97
1d2b8777-a6c5-4537-bb6d-9b0a8cbf07e6,,Male,2024-12-31,705.44
f53e4609-d1ce-4bc1-8ab1-4adb4dbd589e,48.0,Male,2024-06-15,564.05
dccac8a0-202b-4698-97f4-cc8f5bb47c68,69.0,Female,2025-11-11,19.67
b856c0bc-e97f-4192-b37d-0390f2b5205a,36.0,Male,2025-10-27,333.2
3dc1b382-3149-4055-9780-6aab344f4d4f,64.0,Male,2024-07-10,522.53
26f8e95f-11e9-4501-ad3b-468ed455547d,33.0,Other,2024-07-10,96.99
1876a6f0-3f4d-4686-b806-321084785cf0,22.0,,2025-08-04,357.12
17f071c1-04cb-421b-8dbb-a70b77963613,52.0,Female,2025-11-23,42.87
27a0c6f6-dc4e-46c2-a783-007ae770f298,29.0,Male,2025-08-15,87.79
122c2944-aee7-4e44-9bef-ae3635c5a628,42.0,Other,2025-07-15,402.95
75820ef0-bcc2-406c-ac6a-d1cbaca31e02,,Male,2025-06-06,141.39
accab3f7-ba23-4dd8-82a4-0bef2d9e158d,38.0,Male,2025-07-15,571.87
b592dc48-a0f7-4731-9d08-e6c77c20df0f,53.0,Female,2024-07-24,692.57
c186f82f-c194-4c7c-ba6b-254d017029c3,40.0,Male,2025-03-06,802.58
c9be0bd1-287c-403a-8c5d-3c7183507865,33.0,Female,2024-01-12,208.15
cd6e273e-1063-4a69-83ce-72ee7dcd7853,56.0,Other,,175.81
7969bc4f-8e4e-4044-a56d-736510394998,62.0,Other,2025-07-10,113.52
e3c5141d-7c8b-45df-8502-fdf756baa654,59.0,Other,2025-09-20,640.07
4faf788a-1e37-4227-9147-001ca1701a29,56.0,Other,2024-10-30,709.41
98639f0c-b5a5-40b4-9521-93fbee83290b,31.0,Female,2024-11-03,41.27
9eea2fb4-fbc2-49e3-8994-1c30a29030c0,48.0,Female,2025-05-09,936.85
93a7e1bb-d114-4150-989e-335dbaeafece,22.0,Other,2023-12-12,61.45
3e9b43ea-1851-4013-838f-67241d94bd26,52.0,Other,2024-10-28,545.88
a0dac315-0c0e-43b6-90b6-1c7032b2db64,40.0,Other,2024-11-21,711.97
0271f23e-d0c8-4c62-97ac-3faa28334b89,46.0,Female,2025-01-25,872.26
fb69ed60-d142-4ce9-9c95-5e80df756574,60.0,,,716.95
a2c05794-5e12-4e10-99e7-d2bfa9b338d8,28.0,Female,2024-01-31,
8cb47eb3-3cf6-4e59-8530-8ad5d43f5d65,35.0,Male,2024-08-03,346.06
5f2d2494-42ad-4910-9a1a-1f4b8085f1cd,64.0,Other,2025-10-04,816.68
538ba83b-9a71-451a-b698-d3bfb3d3b8ae,29.0,Female,2024-06-26,89.31
68a49963-ee1e-4a8a-b6c8-472e5f77a1dd,26.0,Female,2025-02-15,895.87
ec06a1f7-c79b-470a-ace7-7e6c1a32667f,27.0,Female,2024-03-22,552.12
0aa4d1f1-5844-4e3b-8ff7-b77b36ff597c,61.0,Male,2025-08-23,819.12
feffede7-0a17-4b6c-8404-406d7d25224a,34.0,Other,2025-08-21,457.8
139810b9-3725-42c7-9afa-43c74dd7bc05,55.0,Female,2025-01-09,647.14
280aaccb-00c5-49e7-9b80-fc1317f3a503,24.0,Other,2023-12-11,531.14
163dde26-ff3d-4ebf-aa4b-8901313b2923,63.0,Female,2025-03-28,
bbfba409-119b-40c1-94aa-390241fafa00,30.0,Other,2024-08-25,90.81
c7dcd2c2-1788-478b-a17b-bef5b891930b,57.0,Male,2024-08-04,69.75
1b5187d1-8ed9-4a54-9bc8-1b38fe9773f0,59.0,Female,2025-04-13,254.63
fcf9179d-6d59-4b7d-9764-99122f4ccd27,26.0,Female,2024-12-10,167.95
7b4d7f9a-4f68-4d45-8269-7339e76fb8f6,67.0,Male,2025-06-03,873.07
dcc50ada-eec5-48e4-942a-ab0a567adcdc,44.0,Other,2025-01-14,227.02
a87cac0f-1715-4e15-8a7b-b9ffeff0098b,19.0,Female,2024-10-31,976.11
1640b2cf-6d14-437f-9918-3e3b4f61ffdc,22.0,Male,2025-04-24,343.53
1b077969-f734-44f9-a03f-f3891bd3c8c1,46.0,Female,2024-09-01,190.3
9b129e86-770f-4588-bb83-adf21c0d4ace,54.0,Female,,791.8
25556f9a-245f-4c11-a554-fcad104fa6ca,55.0,Female,2025-11-24,662.12
23b4d995-95d1-478e-9f06-341043e29a66,36.0,Other,2024-11-03,503.21
59fb3d4d-9c3e-4471-b46a-e2183ca1411d,25.0,Male,2024-06-06,559.81
42a7f04b-1677-4086-af45-ab7fe77c7b9d,65.0,Male,2025-05-12,722.01
2610d3a0-1b94-43d7-b7e1-323d420c8bd8,62.0,Male,2023-12-30,236.17
6a81e4ad-7754-4a96-9950-fd6789063baa,18.0,Male,2025-07-18,996.37
afcc36ef-9dea-4327-80a9-abeaea4359a0,39.0,Female,2025-05-11,975.05
65c6bf79-81d1-4879-a5e8-6bef76a31c2f,69.0,,2024-12-20,653.82
79a22bad-bda6-403d-ab48-4c24f7954967,34.0,Male,2025-10-19,207.55
bd1a208e-3765-4ff4-90cd-84b1e6ac5b76,24.0,Other,2024-02-14,683.43
5dd6983c-52e5-4bd3-be88-8c6092e4091d,42.0,Male,2025-11-12,81.48
c9883865-d5a5-4544-ac4f-f9703387b001,62.0,Male,2024-02-12,40.35
033407c5-f561-4ccf-97e8-541293fd3e39,21.0,Female,2024-12-15,265.11
4dae40ed-ee01-463b-8ed1-08feb6cc2674,,Female,2025-11-22,468.0
9877f150-5838-4969-99f2-6ef39c87b3b6,23.0,Female,2024-09-30,869.59
eb535784-2634-4d44-ab6c-e0311ef63b2f,48.0,Other,2024-09-04,729.9
f5bed325-e0c7-464f-b31f-833c08055b00,36.0,Female,2025-04-18,745.28
84e79c89-de7d-4119-9f34-eed4f55cba10,61.0,Female,2025-09-29,431.24
a802c123-a98b-4c3e-8bab-bb50cd8f378a,56.0,Male,2025-06-01,352.48
fc8bb3c9-a99a-4fa2-b17f-bb8cfd7a4aaa,44.0,Male,2024-02-05,377.33
6cd34431-e7d5-41fc-9a3d-42b85935418d,27.0,Female,2024-10-21,987.77
77bc44a2-0b5a-4b7a-875b-ce8b552d50aa,43.0,Female,2024-01-15,49.71
af246bea-5bf6-4c1e-a1aa-bfedf41abaa2,36.0,Other,2025-05-04,868.36
b245055a-0bce-4007-a769-2fd9286821a4,56.0,Other,,582.89
02124fc4-9e6b-43cf-9572-ff0dbd424cd5,20.0,Male,,444.23
c69f531b-286f-4a2a-9dcb-376ece8bc865,62.0,Other,2024-03-25,728.01
f7a84980-bd10-49e7-a70c-f9f164cd5fe3,30.0,Female,2024-10-06,491.8
0404766b-7edf-4050-8218-84d7936fd3f3,67.0,Female,2023-12-04,874.69
d21fb1f5-79b6-4141-9f7e-42898c83c309,45.0,Male,2025-09-30,901.69
1b2a17ba-f07d-411d-adca-8947f03f1fab,37.0,Female,2025-01-12,427.5
a0b68ff2-91ed-4ca4-b9ca-ce51ae20bc03,45.0,Female,2024-04-24,284.06
d4bb3162-bb3c-4fda-9671-ccd9deb9adbd,25.0,Female,2024-06-26,
354af4f9-e06d-4f20-9571-44e9f502ab75,58.0,Female,2025-03-21,913.24
9f28d56a-fd8d-40d0-96d9-ce3dcc5ed657,56.0,Other,2025-04-11,218.56
1a7fc22d-4716-4df5-bd42-47503c41de58,18.0,Other,2024-11-22,626.74
13ba215c-c84f-4140-9502-b67c57281e6a,20.0,Other,2025-01-19,635.24
dd19a63a-d60d-4893-9eab-5133db30cc06,30.0,Other,2025-11-26,735.78
4a6dad50-85fe-4332-a74b-62c1e8513741,45.0,Other,2024-03-16,140.25
12adbe39-7e93-4d23-8401-0acea51d3bf5,66.0,Male,2025-07-20,718.67
ddd09421-c311-4d9a-a772-973ad6d8cf6a,42.0,Female,2025-04-16,909.94
fcd00886-dc4b-4319-b9a0-5c1ac9730d2d,50.0,Male,,187.89
23121f93-c85b-49de-954c-f05c9d241462,55.0,Female,2024-10-21,245.17
6e749462-f30a-4bc3-bb35-31091b6826ce,23.0,Female,2024-06-26,971.68
68b3cb67-1b01-427f-abec-e044fcfbade1,61.0,Female,,189.17
82c8d25f-8122-48d0-95d7-323679227ba3,62.0,Male,2025-04-23,
d7cbc6ca-8f13-4dda-8d21-c8a39a1f14d2,49.0,Female,2024-11-11,497.36
5178cde9-e460-4c63-8c2f-9b089b40ad97,62.0,,2024-08-12,254.76
46a57405-30a9-4722-8c15-236a2261027f,,Other,2025-02-14,872.04
dbe2e1ac-6204-41e2-93dd-72755292c34c,38.0,Other,2025-07-02,450.85
1fdea4c8-e877-4f89-9150-7bf3a4316742,33.0,Female,2024-04-11,519.67
77eded4e-930f-4642-92f7-1f76b86eb2e5,38.0,Other,2024-04-06,365.64
03c90905-fa00-4b8b-8f6e-6f13456c3d38,28.0,Male,2025-04-11,597.02
d17db8d2-100e-424e-b474-f8ba7754b969,54.0,Female,2024-11-10,171.89
7bf4341d-b387-4b62-aa33-b9ef948e1cee,53.0,Male,2024-08-07,397.17
a8cfba7f-a5d9-4da6-bfc0-9cb6743ed7ac,52.0,Other,2024-11-10,969.72
5bad8a4e-527e-43cc-bcf0-d4313f193bec,36.0,Other,2024-06-05,265.55
fae037ef-1f19-4895-ac83-be8f751f7dcb,37.0,,2023-12-25,660.17
e4fe3832-ef50-472d-84f9-ba56e6942fc5,35.0,Female,2024-11-08,331.94
01f5155c-33b8-4594-aefb-38a0b0d733bf,64.0,Other,2024-08-28,775.74
1159a665-1587-4c74-93d7-84e0f3adaf9d,58.0,Other,2024-10-11,139.56
8000acdc-69c4-4971-9fc1-2eaea6a625b6,66.0,Other,2024-07-18,970.12
c2da8cab-3fff-4a2a-a38e-a9cf3582d1ac,31.0,Male,2025-07-07,459.25
dd64b173-6f90-4f14-81dc-0303dfd6df9f,32.0,Male,,243.69
aca153fb-0367-461b-b177-b84062c44a39,48.0,Other,2025-11-28,82.76
f14aa6cb-d0e9-4a4d-8684-7d23aa8db1cd,18.0,Female,2023-12-05,178.06
84b669a7-aee5-4106-91ab-b292eb797df0,20.0,Male,2024-03-13,524.58
28701b62-f05e-410c-8c05-ec1556d6ffd1,33.0,Female,2024-10-20,343.63
739861a8-bdd4-43c6-9ca1-ce43042ba44f,40.0,Male,2024-02-04,830.59
8123e519-87e7-4db8-9236-98c339c3ba46,28.0,Male,,436.58
67dd6350-9a1e-4fa0-aecb-c94eaa2cc269,29.0,Female,2025-08-18,256.23
214a95eb-0d35-4659-be76-f9429befeb86,27.0,Female,2024-02-16,620.97
4e136b46-92b8-43bf-9528-c2016cdcc873,49.0,Female,2025-10-01,709.71
45ea30e3-f8b8-4df0-9ee3-dc63fd9b7cd3,33.0,Male,2023-12-27,175.37
be66d35b-6397-4007-be29-8b2aa2c0fdba,,Female,2024-02-28,175.94
3298b631-1de2-49af-a755-61ad1cbcff78,55.0,Female,2024-06-02,46.3
1321c6e0-3150-4966-8e4e-8f2893f18fcf,29.0,Female,2024-05-26,739.04
e63e04f3-c53e-4c00-987e-592082f0dfba,41.0,Female,2024-04-21,667.17
5f220db0-4f47-4380-9ea7-34bffcb0b1c7,45.0,Female,2024-08-28,479.88
bff3ca43-e730-4d6b-b047-babc5db406a2,25.0,Female,2025-01-10,845.73
68500ea8-e30c-43af-9e84-3c7aac7297db,45.0,Female,2023-12-09,807.61
93125e14-816f-40f4-ad8d-611050ce3aa1,53.0,Male,2025-10-17,589.5
29406785-0560-4a4d-84cf-cbb12906b078,43.0,Female,2024-02-25,869.59
5f4b194f-92a7-411e-b0dd-83cd2dc7b9b8,25.0,Male,2024-01-15,213.78
e2a00ad2-82e8-4aab-a10f-d9a7fd59bcdb,67.0,Other,2024-06-08,120.8
c180749a-bdae-4614-8ae0-7174cff4ab98,45.0,Other,2024-03-30,277.05
7324e05d-0420-460e-af5e-5fd08387d0b0,45.0,,2024-03-31,66.52
f9616698-03bb-4a53-a1ff-174c5ecdbfc7,54.0,Female,2025-02-08,535.86
5687345f-4ba6-4651-b230-c0042260d535,58.0,Male,2024-11-19,937.24
35b626ca-7e56-4ea2-92f3-008314fd4df6,53.0,Other,2024-01-14,48.95
5727ed10-5e7f-4160-9501-9e340054bc20,44.0,Male,2025-05-17,130.89
26fc5505-81de-466d-a667-3e00b5d76e62,34.0,Other,2025-05-05,457.68
06b52c04-cf98-4c83-8fe6-2c2ef5d9cbc2,26.0,Male,2024-01-09,934.54
8ef52d5c-7920-43dc-b33e-a08fd91ce91d,50.0,Male,2024-12-25,322.99
da0b636d-4982-47e9-8a23-dd3c45b5632e,37.0,Male,2024-06-18,512.16
50cfd407-78b3-4c57-82b2-0f9870c47a24,30.0,Male,2025-02-15,51.16
c7c6760d-2137-46f3-bbe0-a0abeb9db39f,45.0,Male,2024-08-22,156.86
4d1d17b5-2133-40cd-a34f-ea2dac7f1f4d,65.0,Other,2024-11-14,986.76
5899e80f-2ea4-492b-9bf3-f8ecd3f4a9d0,46.0,,2024-09-08,965.47
c8f6c01d-c5a7-42c8-9bae-140dd77d863d,30.0,Male,2025-03-09,
5dfd020b-593f-494c-8f98-f7f0ea3b7617,63.0,Male,2025-01-24,952.29
e80368e0-c237-4b42-ae6a-4f3893e47fd9,52.0,Female,2024-02-04,642.73
ede2a8e6-670d-46c8-a9c8-52e80dcc93eb,23.0,Other,2024-02-09,869.24
72f65a9e-7745-441d-80e3-98484cb93ba5,35.0,Male,2024-06-16,460.19
322d55ec-dd66-4f99-a25b-5df5f5d9e56d,68.0,Other,2025-06-01,520.44
ac0c6c93-37f6-4207-b553-41646bd7208d,22.0,Male,2025-09-27,493.96
937acd85-4330-4c49-b4e0-20002ec0f4de,64.0,Female,2025-02-13,670.2
89da5e02-805d-47e2-b4e6-e231d75006b0,,Other,2024-10-22,148.25
06a69b2c-c7e7-4307-b9a6-9fbbd9a6e034,19.0,Female,2025-11-23,39.67
63a33e70-6f61-44ce-8220-a12e8ef3ca41,27.0,Female,2025-02-21,
26f91c82-22c2-4c2a-a5b0-6dab34599350,47.0,Male,2024-01-26,707.63
ef48103a-8b2f-4141-8301-395354242791,67.0,Other,2025-02-15,209.83
66b36b74-03f3-4eb0-b222-1391944c8e6c,62.0,Other,,676.7
993a26a5-5c14-44b4-9d72-04a96482e103,22.0,Other,2024-02-05,970.21
54313e91-99c1-4897-a459-2ccff101e68a,50.0,Other,2024-05-11,102.96
7a179331-9d0d-4b37-8ee8-fb3e7dce72fb,18.0,Male,2025-05-31,675.88
7c99e42b-b1d8-4528-b086-49f85c6e064d,35.0,Male,,449.31
bc2d17b6-d1a4-4104-b46a-35db2f24b5e7,49.0,,2024-01-09,869.46
e2c990db-db38-4d54-96d8-0f5798fed72c,64.0,Male,2024-05-21,185.38
e44f036c-8238-4efd-b6be-b28de5fa5d74,66.0,Other,2025-10-14,695.7
2bf96f83-ad8e-45c8-8756-978b44775b41,28.0,Male,,839.73
ba6b217e-b74f-4822-beda-a4dca2f91dc9,38.0,Female,2024-04-28,945.17
41ae064a-9232-4f83-a909-02b348116704,43.0,Other,2024-01-06,686.42
c048fa6e-4311-48a0-8531-19bf0f714d0f,42.0,Other,2025-08-13,502.2
2d4a80ce-3150-4c75-9cf4-0b3d966824bd,39.0,Female,2024-12-30,621.67
50b86353-8eb6-4d91-8edc-4135bdc3f255,44.0,Female,2025-04-21,870.22
4a3a0a58-65aa-4871-8faa-4ec9cddf1fa6,66.0,Other,2024-01-19,574.9
1d4aee55-6f93-4b7c-9053-f044bb0a72ec,30.0,Male,2025-07-07,40.08
0e7d514e-7217-4ccc-8a49-e89a6e447e28,50.0,Male,2024-10-08,931.64
1f47841f-3b8d-4fab-8dfa-b28823f4202f,51.0,Other,2024-09-08,692.63
8d97561c-dc54-430b-a1b5-94faf436e4bc,58.0,Other,2024-09-13,679.75
100c91b5-0849-48f9-8087-82401aaac437,52.0,Other,2025-09-26,223.52
9bb74373-c9d1-4a8c-9983-ca74c1639a03,18.0,Male,2024-08-26,662.3
b6583312-5439-4f3e-a4fa-b1162182a5b5,38.0,Male,2024-02-11,399.93
f9adc4dd-7f46-437c-a84c-977457ba47b1,65.0,Other,2023-12-16,654.72
e14f588f-d3da-4bd3-bb78-7693c649125f,23.0,Female,2024-04-17,115.53
ed20fe73-0780-42cd-ad96-560809754713,45.0,,,661.27
46127ba9-4f6d-4c28-ae71-940bd485ca3f,34.0,Other,2024-07-13,
179cb43a-6446-4ae7-a5e8-5481a2bcea33,22.0,Male,2024-10-24,57.73
634ba452-2894-4895-b839-6558c5ad90a5,48.0,Other,2025-10-13,977.4
b4bc821b-0379-4f66-bfa6-06d167096b3f,22.0,Male,2025-08-24,412.84
f3eccb76-ca74-401c-8a0b-07acb8f12832,55.0,Female,2024-09-04,872.05
13470ac1-78ee-476d-9ed6-525f06c299bf,20.0,Other,2025-10-14,784.56
0c8820ee-f878-4aef-8a36-e47639451be0,40.0,Female,2024-08-22,571.35
12c3c1eb-856f-433d-9bed-4f08e50e608c,54.0,Other,2024-01-16,741.06
176e73ad-510a-4698-891c-dadd8a397af6,54.0,Female,2024-12-02,879.73
2656dd1f-6325-43b3-bedc-c238ff8d739c,27.0,Male,2025-04-15,
c1ecc43b-851d-4125-8c53-6678c9416279,27.0,Other,2024-09-12,333.76
901541db-2a3f-4aef-af85-d9c68f8d12a6,36.0,Other,2025-08-24,670.92
11bf854f-7f24-43a2-9119-9a1b3eefa340,34.0,Female,2024-11-26,809.77
86bbfa3b-fde3-4d08-82c4-65f01dcefd96,38.0,Male,2025-02-25,764.66
74034f34-41ad-4560-b649-5a94e1f0fb90,31.0,Female,2024-09-27,799.84
ca389f0d-9bc7-40f0-b6c4-8320f992a319,26.0,Female,2025-01-17,441.23
46fcd2ef-f843-4bad-8ab3-75fad1f8f294,63.0,Male,2024-01-29,819.66
61259a77-b348-464f-b258-71c38dd4f8f5,18.0,Female,,129.01
4cdf823a-fcb8-46d3-8b86-4cb0452f6b18,68.0,Female,2024-12-31,549.04
9c077bfd-7802-45c8-abc2-b5b42c839ccf,62.0,Other,2024-12-06,15.7
ce55dd33-a5b1-4bf6-9856-e75c673edb25,30.0,Female,2024-05-12,331.34
069b1b64-43e5-46a5-97bb-fbdcd84d1f19,21.0,Other,2025-07-30,372.8
0ec8cfd1-c056-4f9b-81ff-8b4b100f6b98,18.0,Male,2024-06-02,402.21
7ba1ff9e-eafa-4125-90ba-f3afd91867e1,66.0,Female,2024-01-23,698.51
2829b10e-8e89-4b9e-bdc0-69a9f088afe3,57.0,Male,2024-04-05,394.67
cde2e4c7-476f-480d-a73c-7d546c0aa322,49.0,Other,2024-06-07,454.21
5ce0e55f-3393-4e31-8268-137129ae8ab3,,Other,2025-09-29,
17939c31-590e-4c7a-b829-51f0a2b80ee5,45.0,Other,2024-06-09,379.52
fd98f2b5-c8de-4310-971c-88dad067b330,,Female,2024-03-08,235.0
6d872fbc-479c-409b-b0f2-e37c45165022,25.0,Other,2025-01-29,82.46
d97de2b7-cb3f-455e-b6d2-3e1b363b8d61,56.0,Other,2024-04-11,607.41
2f5ec902-48df-4d1c-977b-c24bf0cedc51,43.0,Female,2024-04-09,671.53
518fb863-4729-4096-a399-1ee806f67e50,51.0,Female,2025-10-17,623.3
2e871ee0-609b-45c7-abed-de1e8450ffc4,,Female,,468.86
44dc933f-b6a3-4cd3-8a9e-4a33b8530e4a,67.0,Other,2024-06-03,385.99
2e66d60f-ac20-4414-9437-835df48b6d1a,29.0,,2024-09-29,864.7
2efb87f3-ef23-4229-8664-2a7882500339,18.0,Female,2025-11-25,523.89
a6914283-2a5f-45bb-bdeb-18d448d61a38,61.0,Female,2024-03-27,484.39
2be22908-4d2a-4672-9448-80a605dbb3ca,22.0,Male,2025-05-12,35.39
3d5a4ba3-7c57-4e96-80c3-90e8515ac914,47.0,Male,2025-06-17,347.84
655fd690-448c-4fd5-bfe1-785ec592d5a8,47.0,Female,2024-09-23,386.39
381a849d-fcbe-4d2d-aae6-ffd7cd4fc79e,34.0,Female,2024-08-12,404.83
4badf12e-7be3-4541-a13b-aef0cd1521b7,65.0,Male,2025-04-09,584.37
4aefb657-3800-4059-9f7b-9bc048d5b907,64.0,Female,2024-05-16,538.27
81c2843f-6b46-43a4-a0d8-977da9749a7c,40.0,Other,2024-02-08,611.83
6295a31c-47c5-4f9b-9305-dea58f2b210f,32.0,,2025-05-29,767.23
a69a1355-22be-42cc-b55a-27dc455818ec,54.0,Other,2025-03-15,814.86
093a6aea-af18-41f4-a00f-f6a8eff46c8c,38.0,Female,2025-03-26,720.94
d8c53378-cc9e-4fcf-87c8-ea64bcb47f47,31.0,Female,2025-08-09,
d066e6ad-3e56-48e3-abc9-65bb49a2cfc4,19.0,Male,2024-03-27,28.05
f28817f6-2f01-4896-9fe5-fa48b9b0fa2a,28.0,Female,2024-10-16,203.82
87c838ba-b5d8-4be6-9a45-fcf95403e7ca,,Female,2025-01-10,17.49
da826c9c-7bc0-4f7b-8fb3-24495999e2a1,56.0,Male,2025-07-22,651.0
9c3d18bd-cd5b-49cb-ae2e-4febb3c439dc,55.0,Female,2024-09-08,899.05
58ef5826-2356-4cba-b2c4-0f4d3f7796ba,51.0,Male,2025-01-26,251.05
a2af2000-a8f9-41f2-9e39-4dc2bc546bc6,55.0,Female,2024-10-27,927.76
6125c1f4-2e89-4b27-aa0f-9e6f8f77c9bc,67.0,Female,2024-09-12,69.66
1bd1b4f8-4666-4491-8b13-4d51cc85a0b6,51.0,Female,2024-07-31,935.09
06513d7d-c494-4931-8bce-a18657938c78,35.0,,2025-01-28,358.11
ceb177e0-ff9e-478d-93cc-7825f2ccfc5f,47.0,Other,2024-12-02,110.41
60a4ba3b-60a0-4045-b08c-b95e9b2a224b,32.0,Other,2024-05-20,491.01
edec6337-3427-41a6-b274-4eb16ccc055a,44.0,Female,2025-09-25,264.21
b66231cf-893a-4661-9b64-d1065f7794d5,68.0,Other,2025-08-06,292.02
fe670c63-79ae-408b-a6b5-1ac3cc9f9d43,51.0,Male,2025-07-10,314.22
fa3c1fd4-ba29-4eae-9360-d6f200debaa5,69.0,Other,2023-12-04,805.0
71c1b125-aba8-4c49-acfb-5622fd4987b4,55.0,,2024-06-13,543.77
931ae85c-ffb5-4a7c-ba59-339138391f40,50.0,Male,2024-09-18,318.19
f5d3ca8c-f200-465f-83dc-3858949f04f5,41.0,Male,2024-12-20,614.23
ce3bfc9b-6fce-45ce-b367-08c8d90b57a4,32.0,Other,2024-09-05,718.99
76b141ff-a0ad-4554-a48a-0283c2c2e0fe,47.0,Female,2025-03-09,279.9
e98b0236-5ec7-4c77-a3ec-7b8b0e5da3f3,59.0,Female,2024-09-10,419.41
0a2de0a8-5a80-4daf-b572-275bbacb8299,68.0,Other,2025-06-22,130.67
108b5a27-e58d-43e6-b9d6-e75bc5384185,34.0,Male,2025-11-08,189.34
cd8e503b-47a3-4a81-9240-4a2c67c5329f,22.0,Other,,684.31
15ebedbc-977c-4b8e-a1b8-c49b0f468bee,46.0,Female,2024-08-19,189.62
e63aea6e-4d95-4033-b66b-3b0e894a858c,21.0,Other,2025-07-26,529.91
5974c787-20bf-40f1-92d8-8c1748420e43,27.0,Other,2024-08-13,711.96
194b1554-cab3-4dcc-9c3f-57a92c007ffd,34.0,Female,2025-10-08,115.81
40b4eb8d-b779-45cc-96f8-de96a79cf693,,Female,2024-05-05,571.64
899c500f-5c10-46be-b832-10489fa94994,34.0,Male,2024-12-21,264.0
64c2d597-61b6-4a75-93af-83b9c3152e6b,37.0,Male,2024-10-19,963.3
041bd593-e964-4f5a-806c-b2c462ae4fe4,41.0,Female,2025-09-10,488.71
caecbb27-cba7-4b8a-9c24-0dee2a40e7f8,22.0,Male,2025-04-04,807.93
260a6eb7-f559-42d1-b1d8-35420666cd3c,51.0,Female,2023-12-22,554.72
fa1586f2-adb0-4bb5-8c8a-c6a9fd015e7b,23.0,Other,2024-07-04,52.98
ecce1666-7e21-469e-96cb-7c0a1eca909a,19.0,Male,2024-02-04,636.82
6800ec44-3c65-4bb2-aaca-b4cadc58a795,30.0,Female,2024-08-26,951.89
cc55d1a5-ae7d-4519-85ab-dc6264e0aee2,60.0,Other,2025-09-23,605.6
93a217f4-abfc-4b8b-bd19-13442b1477be,60.0,Other,2025-08-21,821.0
1c9f9740-7812-4697-bec5-13bec171f22c,65.0,Female,2025-06-10,885.36
d99bfbd3-5eac-4076-933c-36a4569c5aa4,28.0,Female,2024-04-25,235.8
acf3979e-203f-46e6-bf4c-7429ebfd8c47,68.0,Other,2025-08-09,219.92
4adfce56-1fa0-4bbb-91b6-b257c998351b,64.0,Other,2024-04-23,614.87
d0ef75dd-199d-4182-8a12-df94d1f72885,40.0,Female,2024-01-16,416.92
0fcadd5e-5a05-4064-b951-5bd3a3578747,33.0,Female,2025-07-05,841.46
bb59cd97-b542-47b4-9779-6bb690a1eb01,48.0,Other,2024-08-18,
df1759f5-d155-4657-b53b-3baadbac1125,28.0,Other,2025-11-27,359.89
1dfcaa95-fadf-4505-b0b3-c6b2777f8e72,33.0,Female,2024-04-17,244.5
18e75b68-e4a9-49e7-9b47-5740aedbe187,25.0,Female,,782.72
d2d37906-7cb8-4bb5-97f1-6fbac380323a,21.0,Other,2024-01-01,282.06
3641cced-06c0-4c34-8cc1-69b7d7fb1019,57.0,Female,2024-06-07,
a5d737dd-e255-4f70-aa56-ce6360ea8ff9,21.0,Female,2024-08-01,429.5
266255ed-099f-4bd0-bf5b-aea716aaa1fa,42.0,Female,2025-07-13,670.87
2ea2fce2-1086-4b6f-9653-e3f670c35201,20.0,Female,2025-06-07,104.58
124c4dd8-5a09-4592-8e08-f0cf305ea25a,49.0,Male,2025-06-13,627.62
30eb18ac-6958-4455-acef-fdd019aef63e,20.0,Male,2025-06-11,
5c93e4f4-0963-49c5-89ab-b04b53777584,44.0,Other,2024-04-16,590.74
454f57bd-d7a9-4688-a6d9-c9f56cf7b8c8,46.0,Male,2025-09-15,176.33
bd137d90-5d6f-4749-bb2e-7500a4e9548d,49.0,Female,2025-02-25,739.51
8ee2f2de-4a10-45dd-b4bd-4752108b7674,67.0,Male,2024-08-11,864.17
5d9e585a-64b2-410a-ade7-4b200d2e45ee,68.0,Other,2024-11-13,224.57
953b8ff9-de00-4240-afa1-39753dd046a3,36.0,Other,2024-07-23,104.76
4072a6d5-efff-4c64-bd66-ff5f1d93d641,38.0,Other,2024-03-28,33.4
ffeaba27-23d1-427e-aff0-29fd80910612,22.0,Male,2025-02-22,645.55
33ecd892-ca94-48fa-9364-b165b752e592,,Male,2025-05-14,611.02
09a89966-5917-4452-97c0-8f3b1ddf3aa2,,Male,2025-03-26,551.23
fd7cc941-8dd4-4c89-980a-9f21f6a69580,59.0,,2024-10-26,
a02a9712-d6ca-40f4-9435-79e8d2c362c5,39.0,Female,2023-12-06,397.0
144bf15f-fab8-42bb-b74c-80ecbcc5b0a7,38.0,Female,2023-12-23,598.53
217fc3ab-1f06-4965-914f-bf3d8edd8be3,23.0,Other,2023-12-04,501.8
0024d6d7-bc59-48d5-8bd9-5d78cb603367,18.0,Other,2024-08-01,987.91
3fe8f6d0-ad18-4652-a8dd-f556897525f3,22.0,Other,2024-01-17,145.08
ba2c2241-8b72-4458-85ae-2f671924b36d,58.0,Other,2025-02-06,698.19
f6fa9d50-b047-45f8-b13b-10f663bccf99,29.0,Female,2025-01-15,410.28
6a105d55-f86e-4b62-a68a-4d4976eb970d,,Male,2025-10-04,433.92
67fc5c4a-1df7-4d4c-b9fa-620877197b4b,63.0,Male,2024-04-24,720.42
40b43b6e-f7c3-4299-bf31-b140db432af5,51.0,Female,2024-02-27,695.51
0d2506dc-82c4-41ae-a1d1-4f4dbc74954d,66.0,Male,2023-12-10,991.34
827f8ef7-1ed7-4793-9277-6d9952a4fab4,31.0,Female,2024-06-20,137.11
af74e8b6-4c6d-4fc9-b938-0a068d7fd1d2,43.0,Male,2023-12-08,113.07
0c88762b-e087-43c4-887b-757b32315770,62.0,Female,2025-11-26,727.1
66e1eab7-d989-4681-9c16-1772f23783b4,,Male,2024-03-08,582.6
7e88de14-3747-4684-8a8b-ac6ceee894dd,,Other,2024-04-07,281.42
93d2d384-37d4-49e8-ad3c-652217478e95,43.0,Other,2024-04-27,88.63
08f1552a-54df-4deb-be8d-86b056dff51a,64.0,Male,2025-02-12,
bbc7c351-c6d3-46d2-93fa-edc30e07b605,39.0,Female,2023-12-14,895.25
208e0ac4-f432-4b33-aa64-ed9c4dad390f,64.0,Male,2024-04-05,199.95
a11498c6-3b03-4b5a-a644-e2c4b3e9be98,47.0,Male,2025-02-18,
07e45cbf-997c-477c-ab2e-1431614660d6,60.0,Other,2025-11-15,234.39
a347030f-3c15-4967-b815-95ba75fdac7e,65.0,Female,2024-03-25,361.45
6311837f-ac13-478a-b7c5-a987bc572314,34.0,Other,2025-05-31,78.73
02042400-27cd-479d-8c52-e78a5fb7b717,43.0,Male,2025-05-13,523.87
a735d01d-02dd-45dc-b20d-cdee31aa0022,53.0,Other,2024-03-30,76.94
653dfc0e-e4ad-4ae8-aac5-b64a38b28654,18.0,Female,2025-09-01,802.35
4d55ec06-2f93-4ae3-862e-905af3a5e820,25.0,Male,2025-09-01,241.37
34b03d82-2d48-41a5-886a-0a6ae10e6210,66.0,Male,2025-11-28,544.61
e71ddd11-8746-41bc-a6f0-502a2ac705df,52.0,Other,2024-10-08,881.28
82e663a1-fb06-4b15-83b0-6a1cdc22f067,69.0,Female,2024-04-07,654.37
ef8ac94e-4f89-4f27-8bc9-8cbf5d6c49da,32.0,Female,2024-05-12,537.63
593f6eb9-c40f-4e57-9158-bac36bb48215,64.0,Female,2024-08-24,
ef8fa0d5-1723-463c-81cb-ba22b776fcf4,39.0,Female,2025-03-15,339.67
8d783a94-d66b-4930-9a74-d54d9cb874ea,31.0,Female,2024-08-14,672.79
d12bda22-dbd9-4ebc-a2c7-8e04b9ae0c17,43.0,Male,2023-12-29,994.2
8deda539-6f8e-4508-b565-904d0bf1fe22,45.0,Male,2025-10-25,665.22
7ca7f376-3df6-47f9-9a16-eeac9f933555,40.0,Female,2025-01-01,562.21
6e2a7616-218c-4e26-bccf-0a61f00f3a64,,Female,2025-09-14,733.34
7837aaed-2f51-4a30-a778-2e7c2586d92c,41.0,Male,,470.55
4ef2f051-4b8a-4e31-8d0e-f2bc6e43332a,19.0,Male,2025-10-17,69.54
241b0968-e37f-4d7e-87a4-161d1f8afe76,62.0,Female,2025-11-25,566.67
87653826-ac84-4887-9282-3b82959911c2,43.0,Female,2024-05-11,958.05
5f5b0115-51da-4cf3-9e13-cc83329f31d2,31.0,Male,2024-11-30,183.55
1cbfe4ab-c969-4819-84a1-db13358b9c5a,68.0,Other,2024-03-26,693.1
b694e492-3f09-4efb-b7e7-e08b6128a11c,24.0,Other,2025-09-16,208.92
4b6ad45a-be16-4a38-a2aa-a6cdd82b7412,20.0,Other,2024-01-08,540.47
4468f752-f1ba-4972-8057-f3d3251981c8,64.0,Male,2025-01-18,105.71
312bfe48-7cf8-472f-a934-ae2bfd1b6b8a,40.0,Male,2024-03-31,455.87
95665f57-95b3-4b63-89de-ed9f859a7de4,63.0,,2025-11-22,758.6
a161ab32-cd66-4e42-a835-4a1bddd362b7,60.0,Other,2025-03-21,354.1
41e7a56e-3844-4c36-aee0-108d831ac035,64.0,Female,2025-04-02,668.26
4b602c18-1e2f-4c81-b535-aaa79d0cb5a5,62.0,,2025-07-23,797.5
252cf2f3-937e-4518-9de0-52fe621a05cd,,Male,2025-04-27,927.91
e8635c38-932d-43ea-96e7-3ca60e08f536,,Male,2024-01-28,242.3
