customer_id,age,gender,signup_date,purchase_amount,annual_income,loyalty_score
a3a57fde-cfda-488a-9c30-166aa05d1cf5,56.0,Other,2024-03-31,537.29,61714.69,60.89
06225699-6847-49a1-82d9-7d8c5fcac5ca,69.0,,2024-11-12,250.05,15206.25,57.29
402b8ce3-8f65-4cc2-99b9-66029c4588f5,,Male,2025-04-25,276.55,28813.13,
5a7eda8f-6cb3-4054-809d-388c494147d3,32.0,Other,2023-12-29,383.51,39893.42,27.92
98d2c5d8-9d9a-4fd3-872a-257d73dfcec3,60.0,Female,2025-03-07,29.87,-2423.93,39.87
a0756c84-d80e-43ce-a148-935bcc59e149,25.0,Male,2025-10-25,328.86,34080.76,24.56
4113716b-d4dd-4839-ab75-e370e4608013,38.0,Male,2025-08-24,219.33,27218.05,31.76
f4c69f6e-f7c0-4c7d-b2bf-1d3e471dcd60,56.0,Male,2025-08-03,334.22,21419.77,49.02
cced2cbc-f058-44d6-af75-c759211b63b9,36.0,Other,2024-08-31,128.56,14103.58,21.0
7187a69a-a808-44ea-931c-4386a9b375d5,40.0,Male,2024-03-21,891.62,76720.72,71.53
250d8a3f-b225-41e7-aa23-a0253f25d7c7,28.0,Other,2024-10-15,597.66,54465.32,41.93
234c7048-0cfd-427b-8cc5-2b30461d5a68,28.0,Other,2024-08-28,682.31,76047.72,54.13
c4200f2b-475b-49eb-b37f-a047abb5368c,41.0,Other,2025-02-26,791.28,76074.37,67.94
5d1ac1ed-a19e-445c-98e7-c4ac08d642d1,53.0,Male,2025-07-05,503.46,43844.85,64.89
53a9ddef-5ba1-4c93-ad48-00bf8f324dd3,57.0,Other,2024-01-14,96.05,7294.15,35.44
ac9f7954-fb58-4e65-a7cc-3f86fe1f9c06,41.0,Female,2025-04-27,541.74,63946.55,53.17
1384facc-b3d6-4da7-a30d-35152e6d4142,20.0,Male,2025-07-13,590.97,49454.91,31.0
9d140201-736b-4f7d-ab31-531a4d24064c,39.0,Male,2025-05-02,747.99,69324.48,55.12
6cbe4abf-860b-4084-88aa-7d2790020094,19.0,Male,2025-11-30,437.34,50477.52,23.32
43a70bf0-1fca-4238-9704-0e9cb3cfc5e8,41.0,Male,2023-12-06,136.3,21665.46,33.46
60e06427-6b28-4de0-a09f-9cadb4f78a12,61.0,Male,2024-09-04,290.94,27585.47,58.71
3319ac56-4237-4815-bf90-87480c02ebe0,47.0,Other,2024-12-29,369.45,29891.22,42.08
6d7f5618-dbf7-4f8d-8c97-dde70ec15e85,55.0,Other,2025-03-06,649.46,75040.52,72.27
3220a1b4-74c9-478d-8424-ad87539b3e6b,,Male,,575.07,64968.63,
4561eaa3-364c-472f-bab4-89a4e10cf7b3,38.0,Other,2024-03-17,362.54,38778.52,38.38
3ea6c6fc-1ded-44ae-969b-903607cf5357,50.0,Male,2024-03-02,986.65,94788.87,79.28
8626d684-ce90-4855-b354-9c3bf4e9fddb,29.0,Other,2025-04-16,609.72,60274.91,39.95
9f0284de-ef99-498e-84e0-e533018c7abd,39.0,Other,2024-09-12,244.85,22613.84,36.13
0d736b63-11f3-4ec2-bf5a-c3211c3dafa9,61.0,Other,2024-07-26,110.76,11433.99,41.85
8b097228-fd43-4773-984e-7c53b34c0b5d,42.0,Other,2024-02-25,161.33,22177.31,40.72
088b8f54-1b60-41cc-a156-6da4b7ed95ac,66.0,Female,2024-09-23,253.5,28692.36,50.1
280ca6b7-9ceb-45e0-a67b-47544eae4eb0,44.0,Male,2024-05-10,169.07,10322.52,30.36
804b0d23-22be-4914-a40d-7c7f9975403e,59.0,Female,2024-04-01,194.7,25198.26,51.21
3f1744fa-d0f8-47a7-b196-f7e719783a53,45.0,Other,,292.24,29800.49,43.51
e8e35d35-4202-4bb6-95e6-0b8923b4c6db,33.0,Female,,181.64,20423.0,22.7
f14773e8-0d1d-431a-9313-9c22be74c80c,32.0,Male,2024-11-22,897.8,97148.23,58.35
2cb84c9b-5a89-48be-955a-881dec466d0b,,,,,,
cb4408d8-914a-436d-9cd7-b05490a6c643,68.0,Other,2024-02-22,529.27,52159.79,74.03
56b7c8c8-42f9-4d41-bbf3-4731c14fd15a,61.0,Female,2024-10-25,416.29,38192.47,69.55
8890301e-6dd6-48d8-8fa5-423d58a89ec4,69.0,Female,2025-02-01,,,
756b49bc-ad3e-4ac2-a107-2dcaf014db78,20.0,Female,2025-11-05,120.92,12546.48,11.73
0df8b479-3887-4999-9783-3adea9eccc17,54.0,,2024-01-06,403.88,52145.52,50.26
3b5318a7-9956-4e7c-b037-36f3344ec080,68.0,Male,2024-08-07,969.78,87934.94,97.19
9f9a3d60-a6ef-4790-827f-08ab7ac8ff13,24.0,Female,2024-07-07,866.85,86506.76,47.71
3ff87187-a6d8-4c49-9e84-39c7d72d95c6,38.0,Male,2025-07-02,818.9,84994.73,55.48
0fef1ba3-42cf-4cc4-bb48-981749028ea2,26.0,Male,2025-01-28,265.32,26112.67,22.39
826b8651-adc1-4197-b118-3e64a3f93c73,56.0,Female,2024-07-08,179.18,16171.87,42.94
e5582764-29a3-48f2-bea9-6c6ffcf9a0ec,35.0,Male,2024-11-24,671.96,60353.29,53.37
044acd10-adfe-4fc0-a44e-3ce93e404d59,21.0,Female,2025-02-06,,,
538c79d2-2d87-4fc7-9195-cb42f9e01739,42.0,Female,2024-10-14,561.2,51802.13,59.92
4616df7e-f2c7-42ec-9b6f-d1191a2c0d2d,31.0,Other,2024-10-19,575.9,46131.22,36.8
3b95d8ef-2ad4-4384-8d83-253af97e3228,67.0,Female,2024-08-01,287.18,33693.23,63.0
868c0686-51b0-4308-9f45-bc7915c79ea4,26.0,Male,2024-02-07,771.8,81794.25,50.3
a0019487-d182-40f2-b173-9ca863d2efe0,43.0,Other,2024-06-15,195.17,18621.87,30.84
1e6c5bbc-11f5-45fc-a9a3-600a5ea59b5b,19.0,Female,2025-03-12,330.44,33264.84,21.3
abb4b5e2-b0b9-4ddb-9478-55b980c3aebb,37.0,Other,2024-12-21,431.18,47735.53,33.66
4fa4f6b5-1b07-4d60-8d10-608e29fbdb5c,45.0,Male,2024-05-10,512.53,51758.29,59.05
a54dbe6d-0233-42ef-ba8c-62bbdae058e5,64.0,Female,2025-04-18,249.99,28458.42,57.14
5a95d675-546a-466f-ba25-7825f9916541,24.0,Male,2025-04-09,123.69,9607.2,8.45
1b7ebbfe-db58-46ed-8f7f-f9484619f58d,61.0,,2024-05-14,614.51,67567.08,71.16
e9f82f8a-5971-401a-a6e5-42ed4b964556,25.0,Female,2025-04-02,,,
a38805f9-29a3-4edd-9977-004994a10c51,64.0,Other,2025-06-26,585.43,59020.21,71.2
2163cba1-ff33-4c26-ac9a-d40fa0848927,52.0,Other,2024-03-18,162.82,8723.52,37.12
f100c60e-416c-4200-9264-471e9b0a0d91,31.0,Female,2025-04-12,486.33,49407.04,35.62
2428bae5-6e30-4816-8595-5cca2a70f19b,34.0,Other,2024-06-23,537.26,48991.67,36.38
105a5d3f-3ee9-40a1-a803-6708abbb4b95,53.0,Male,,61.31,1559.64,45.79
9ec9a72a-868d-4a60-9d6c-a2b868fbf4d7,67.0,Other,,343.24,29344.25,61.92
12752d76-0ed4-4447-913c-6fe6ca4b968e,57.0,Male,2025-01-28,143.07,7734.23,48.93
a826ee55-6074-4030-a152-852e9a01b01d,21.0,Male,2025-03-16,72.74,16537.26,6.95
210ba54c-b5be-43b4-8b30-18cc7b8e2eba,19.0,Other,2025-05-21,990.06,105854.34,45.66
1b28ffef-fc2b-4b32-870e-84f7474b345b,23.0,Male,2025-06-07,329.13,41588.09,20.87
e683a359-e634-4ae4-a992-24d40de3279a,59.0,,2024-01-17,811.78,74953.5,84.65
b306d7d9-70ca-46cf-9a46-d9b21db3194f,21.0,Male,2025-06-05,262.09,25525.08,14.58
6fece8bd-0e0a-4255-a051-505ab22b6b74,46.0,Male,2025-01-05,684.69,61676.38,67.49
0b87daad-87a3-413e-b00c-9e7d6d67b750,35.0,Male,2025-03-26,762.63,72591.33,59.81
50189c09-f4a1-4c1a-85b2-6a06d6ef6388,43.0,Female,2024-03-23,599.68,54908.43,58.85
ec9f59db-ce0b-4883-a004-e456de80f6e4,61.0,Female,2025-09-07,476.86,53207.15,63.36
cc826ac6-d84e-462d-b844-760e0f14c248,51.0,Female,,417.72,39014.01,47.45
39b23439-6f41-4034-9c42-a0ed9ce9584a,27.0,Other,2025-04-22,355.38,39997.57,23.08
75102041-cc5c-4375-83f2-950e7462755e,53.0,,,,,
255a7d89-af37-436b-8efa-76682793be08,31.0,Male,2024-12-18,832.31,94673.9,57.05
18aae6b3-f185-49ef-914c-68d032757d65,48.0,Female,2024-06-10,965.38,89290.67,66.9
76d1ce27-6ab0-4177-8c15-6ffea6fee7d1,65.0,Female,2025-08-15,133.05,18342.62,52.06
6cf38f06-1655-4061-a352-98460b3b6607,32.0,Male,2025-01-28,733.56,78845.81,51.07
7cb3884e-d55c-402a-a3fc-e2386711dc82,25.0,Other,2025-04-27,938.96,89134.29,52.48
b8996e29-210b-438b-ac11-090ce1b78591,31.0,Female,2024-01-10,189.42,22814.51,28.09
0c28bcfb-1dd3-4576-96b8-d617e1b38b8f,40.0,Other,2023-12-04,75.83,7908.35,26.79
ed7b22ec-2b50-4af6-8eff-5493bb0dac36,57.0,Other,2025-02-14,743.71,73008.4,81.86
f90b6b7f-19a5-42eb-a9e4-7532414fc38f,38.0,Other,2024-10-23,578.73,53248.94,47.21
fd7fed71-514f-42fb-b5f5-c7786dd4b2dd,33.0,Male,2025-11-21,843.41,80688.95,61.54
351415ac-43ca-473b-b1a5-2b7b89f8c313,62.0,Other,2025-02-01,148.37,23853.44,58.11
954b7cad-b378-43ef-b57e-aff7916a7709,35.0,Other,2025-03-04,797.31,79599.9,63.02
4756ad21-628a-44ba-97c4-e9f6c8b28d1d,64.0,Male,2024-03-30,209.61,23742.65,49.55
615a5663-5e45-4495-8c64-e4216e55a544,41.0,Other,2025-09-15,172.02,12054.9,29.29
6c71015b-3c69-4f34-97d3-6596cf83017f,43.0,Other,2024-06-27,172.62,12171.15,30.82
137bbd10-914e-49cb-81ad-baad914deb29,42.0,Male,2025-04-04,816.43,86950.76,66.75
f84ba5cf-10b7-41dd-97d7-056be967700a,62.0,,2025-07-20,668.55,59754.72,79.82
b06aa742-f527-499f-a553-b5981fdee3c7,58.0,Female,2024-09-26,527.83,50116.41,61.12
d50aae90-c9d0-4b86-97a6-e0ffb459c1c8,46.0,Female,2024-05-23,365.24,35828.49,45.62
262a8a1b-273a-45ab-b771-1de54b393fa0,32.0,Female,2025-04-20,878.43,88402.62,47.55
7274718b-435c-4d7b-a60c-709e15d78c50,62.0,Other,2024-08-25,398.52,38147.2,69.87
9ca3c861-85f5-437a-afc7-b5bc0aefc876,18.0,Other,,818.43,83723.32,38.31
3b37ea8a-d3ea-44be-b1d0-00c7f5de5698,,Other,2024-06-11,444.74,47207.16,
60c77454-be65-4c39-83f5-7910c48b149a,24.0,Male,2025-02-08,383.17,41154.88,23.07
1f217e2b-d374-41b7-b447-3c9b2ac44f08,26.0,Other,2025-07-06,468.05,41184.31,36.63
59b5ef33-c524-4590-a831-a60164fa3542,41.0,Female,2025-10-28,308.36,28453.33,23.3
507ec02f-7f20-4fe2-a421-cf9e6d1f15f5,18.0,Male,2025-02-24,750.13,80772.46,37.32
25a38ef0-f8e2-4360-8835-0241e6dcfd7d,61.0,Male,2024-09-12,507.69,54617.64,66.7
98cd220f-a8d5-4b46-b386-ee6952ea9ba9,25.0,Male,2025-04-26,239.89,16046.95,16.05
3c6c7fed-906a-40bb-b2f7-bd65032ee411,41.0,,2025-06-21,900.58,91855.63,76.23
c715f4ae-2831-4e95-994d-10afdf6a7447,28.0,Female,2025-03-26,390.05,28290.21,24.46
7b2439a3-9e1b-4b3c-bed5-867ee3839fb3,68.0,Female,2023-12-12,548.12,54490.49,80.01
7e165a0f-ef06-453e-9256-badf68b7c357,34.0,Male,2024-07-17,907.41,100281.63,62.86
a3d4a110-83cd-456c-8d77-2050c4488d19,25.0,Male,2024-11-02,,,
f2c32b54-a3b3-4f66-afed-83d41189a029,52.0,Other,2024-09-28,125.73,7130.45,35.65
e7d69fb9-6cf6-4ad9-a1db-e9a4961b4bc1,52.0,Other,2025-10-01,940.43,97970.82,76.74
66f5f788-3eb8-4e9f-9f7f-8cf041adb30a,50.0,Female,,631.43,55013.78,68.22
87d08b47-dfe9-45ca-883a-2afcb234503e,22.0,Male,2025-06-05,341.56,30086.51,22.67
668b7bcf-b6bc-4c9b-9692-666fc0f5ca34,59.0,Other,2025-02-07,147.88,16536.75,39.25
29c28733-daaa-42f8-a52b-69ae2d332220,56.0,Female,2025-10-29,796.08,76299.97,74.29
025620d7-3150-499d-82d1-22a664a9db2e,58.0,,2025-10-01,623.87,60779.15,72.13
4c7f937a-f2bf-4340-8f8d-d43fe6e298d6,45.0,Other,2024-03-02,538.13,56960.84,57.28
c5ee8f56-cab3-4ded-a016-27f8fce3b6a7,,Female,2023-12-22,894.95,91633.44,
6b7dec55-fa36-4351-838a-1bc2245c63e4,26.0,Male,2024-02-17,790.71,80259.41,32.73
d3728501-c651-4cad-a034-458a168546cc,25.0,Female,2024-07-07,160.16,13107.72,16.88
028ece40-8a0f-4d2b-9915-8ab1d52b7b00,29.0,Male,2024-02-15,,,
3ef2adb8-5a04-42ef-be35-7179b591189a,51.0,Male,2025-05-14,256.0,23930.84,34.54
f28b6ec8-05cd-4648-9064-27b606881491,50.0,Other,2024-12-04,746.51,76719.55,54.43
20853f26-0938-4835-b7bd-f6feec9e6fd8,65.0,Other,2024-09-26,43.2,424.75,51.6
2f515812-4088-4ba3-8f2e-732c410410a2,40.0,,2025-06-20,574.19,55994.09,50.67
86c65ea1-b70a-4968-ba36-71f7cae2bd62,41.0,,2024-07-09,764.83,71343.74,59.57
4f6a9487-1bdc-4046-be4a-86d4d2ba7b39,54.0,Other,2025-05-02,878.0,87626.99,86.14
c5d5fef8-e28f-4a30-a092-7ea003f5342c,52.0,Other,2025-09-28,348.66,29917.29,53.51
ee251d2c-7e9d-4a2b-9562-b71ad5e15c3d,61.0,Female,2025-05-19,823.04,76642.79,91.34
62736e18-ddd9-4557-840e-1f98914d1332,57.0,Other,2024-08-13,119.53,11964.88,36.61
6568a196-ee75-4508-a42b-55b0794322d9,39.0,Female,2025-03-16,847.99,85813.94,62.79
acbafdde-bc5b-4a74-929e-a1921633f49b,44.0,Female,2024-10-15,136.21,16282.17,23.59
38f71e69-6be0-4d89-8dc6-432f9b294551,52.0,Male,2025-02-23,403.31,37374.15,51.95
4c172349-bc9c-41e1-8842-10bb7def66ba,18.0,Male,2024-09-18,799.32,81841.15,38.66
c22407cf-4c97-47e6-ba28-541df1b7ba6d,52.0,Other,2025-06-28,158.42,17380.37,43.78
1f3b44c8-becc-48b5-9bcd-30f5bc22b812,54.0,Female,2025-06-27,236.96,24837.15,46.83
880fe50d-073a-4c12-86b4-2e8ab8e9f8f9,64.0,Male,2024-04-10,725.03,68117.91,84.34
b9b63c71-c5e7-4542-a943-b21222bb517b,31.0,Male,2024-01-12,722.84,72770.29,52.27
f6e7b2b9-7157-4001-aba6-c4d3023b57b3,20.0,Male,2024-06-30,644.74,65902.01,44.78
1eeab114-3ad1-4918-87eb-6254da5cbe08,18.0,Male,2024-01-07,697.01,69432.65,33.12
dd37a164-0a54-4f62-86d9-ed39bfb2f29b,22.0,Other,2024-03-04,547.3,43740.04,26.3
abe1f010-a648-4af8-8e53-c69ca59a8bca,43.0,Male,2025-03-13,259.28,25685.5,38.18
a9cd06d0-dec1-4e89-a786-ee3d08b091ae,31.0,Other,2024-04-18,352.24,45399.01,25.9
81f1f768-03bc-4df4-9ff8-b464524a9c04,56.0,Female,2025-04-26,189.78,16015.25,53.57
5526fd52-46f3-4be0-ae61-5480e972fdb4,44.0,Other,2025-02-07,909.37,87351.72,69.57
0ea613a3-c72a-4a83-a23a-c00cc1266e35,26.0,,2025-03-07,587.56,60133.3,34.15
528da6fc-3972-45d9-8bf1-b973bbb0a71f,32.0,Female,2024-02-20,406.84,41450.64,31.31
9b1d4fb9-6e70-42a0-9a8b-b8053598777d,32.0,Female,2025-04-13,467.39,52009.88,40.34
6dcf6514-3b71-47c0-afe7-5c18beede2e0,43.0,Other,2024-09-16,947.81,88611.81,71.17
a999e2ae-c574-488b-a4b0-2f052cab5e12,59.0,Female,2024-06-14,161.82,18629.04,44.47
9c6fa884-f4e8-48fb-9f4a-20688ac5b396,30.0,Other,2025-02-06,590.37,61504.42,49.37
81111934-7e2a-4f09-a448-85c911206542,,Female,2024-05-23,510.83,49752.98,
9c419666-7b7e-4948-8edb-d3c2a53e9a4f,49.0,Other,2024-07-27,615.34,62785.0,61.12
dd9963c1-1ca3-4b1c-959e-49647e0a38f9,56.0,Male,2024-08-13,27.93,6503.86,41.19
8646357a-d6be-43e0-b5a2-59d9146b6875,66.0,Other,2025-03-01,873.4,91695.82,82.57
c78da8b5-5b27-425a-9190-1b97b08d6255,69.0,Other,2025-10-13,932.8,87659.66,99.09
962fe0fb-67b0-434a-8ffa-7d32a646e096,49.0,Male,2024-09-17,569.48,60528.75,53.33
725d20ff-bc6a-4a5a-8811-71da2c9002bf,21.0,Other,2024-09-08,699.68,69344.84,41.89
6a31e330-3ce8-4fe5-8d4e-7fb68ad208aa,47.0,Other,2025-03-19,923.27,92770.0,69.82
da1a8f40-27be-4074-a75b-0da7d31b0e81,54.0,Female,2025-06-16,710.17,71101.02,74.13
b550f140-8957-429d-bcd3-d133779759c4,40.0,Other,2023-12-21,161.01,14138.55,34.54
6b887001-84c7-4d79-8abc-9470edf2bbfb,56.0,Female,2024-07-11,580.53,63510.2,70.34
fa4b2fb1-49c5-4f97-adf1-730e9ba2491d,62.0,Male,2024-07-16,610.65,60196.04,74.7
737ddcd7-d46e-45a0-8fae-4b461c63a9d6,32.0,Female,2024-06-24,429.89,36635.02,33.69
991e8883-174b-43cd-a227-14abdd27b040,60.0,Female,2024-06-22,,,
1106318a-b923-426f-aa43-56f215f042c7,46.0,Male,2025-07-29,935.02,94493.99,81.61
581bc96d-c7df-46a3-b4dc-4b6dc31e9692,53.0,Female,2024-12-11,926.31,98860.85,77.17
feb12246-333f-4cd5-a656-e1114a2a2833,30.0,Male,2024-08-03,456.33,47936.97,29.04
9e1fb937-0976-4fca-9753-01bfa7884ba6,49.0,Other,2025-11-24,122.11,6681.26,39.19
0a63bd95-e8b4-491f-b625-7eba78e4580d,24.0,Other,2024-10-04,984.99,111108.02,51.24
cdb9a055-26ce-4212-8099-4b771c0f0c26,68.0,Female,2025-01-23,840.51,85313.46,86.26
a522a73c-eb62-491d-9c66-b05ed32b7ba2,39.0,Other,2024-03-29,133.42,18461.03,19.41
f81289f9-3d51-4e17-9be5-a37ced025c04,45.0,Male,2025-06-10,921.63,91480.28,70.18
f51af596-6e94-49ea-abca-3da5290c0a7e,19.0,Other,2024-06-15,871.2,89777.32,44.12
fadc4fbc-ce46-436b-a4a0-f6f6195f466d,59.0,Male,2023-12-24,523.65,55964.75,67.3
82c3e38f-3b9b-4951-9a90-5e6f6e77de30,62.0,Other,2025-11-01,595.36,65150.73,77.42
4dd87045-7686-4d96-8b0d-8e19cd723d5a,23.0,Female,2024-02-12,405.01,44989.49,27.39
3230319d-c5a3-4004-aafe-e9e6a2eeedb8,45.0,Other,2024-11-28,64.21,9406.95,28.04
90c5ccd1-9e96-41ae-a8c0-576a71251078,45.0,Other,2024-02-15,341.85,31704.34,42.12
5f413168-0262-4e64-a36c-9276ba164e91,61.0,Other,2024-10-08,804.82,77501.46,84.89
b21210c5-10fe-4684-98d4-8dd61500eb71,61.0,Male,,14.59,1663.04,48.52
1e73c20b-7a64-432d-838a-00a03aaeedbd,37.0,Male,2023-12-28,340.16,37773.56,35.81
5d40d336-88d7-467f-baa3-a7ef637e3d09,47.0,Female,2023-12-17,404.19,38505.66,45.9
adcdf5ad-8e46-4b5d-b66f-4f37d4516bec,28.0,Male,2023-12-06,542.02,58961.35,31.66
eedbed21-2b91-4d36-8d58-3100b89b5de3,45.0,Other,2025-07-04,920.66,99403.3,65.31
0ff4d65d-73dd-4894-92f4-246343b0649f,42.0,,2024-01-11,352.88,29819.84,44.06
f123fa05-6f66-46c1-b3e5-06ffb254dffd,56.0,,2024-01-15,353.48,30277.85,57.38
8c90bb86-1109-4214-b989-a7b06eeb942c,50.0,Other,2025-01-01,740.13,73079.85,71.15
152ef614-ac95-45d8-8b03-f9fd694d0c96,,Female,2025-02-04,457.7,46598.88,
8de8274c-6b07-4d67-b4cb-317c288c8fdb,44.0,Female,2025-08-18,232.36,19522.67,43.6
070f5c74-4f1b-4617-9c41-0c0938222400,69.0,Male,2024-02-15,,,
527a3cfb-2670-4d29-b291-11e17c439f82,30.0,Male,2025-05-27,149.45,15834.54,23.4
d218c04c-61be-412a-aaac-1f38265c10c7,58.0,Female,,184.62,17487.95,47.67
5d50a358-0f7a-4329-ae94-6f648d588c8e,20.0,Female,2025-06-10,503.38,42526.56,23.77
d90b4570-2380-463f-b7fd-ab5814f31c64,56.0,Male,2024-09-14,424.74,35129.96,61.07
e30fc6ad-1382-4dd5-abf1-ccdede380a4e,23.0,Male,2024-12-30,915.7,93040.87,52.77
d5f0b644-029b-4e24-adce-7a6d64d1e5f1,25.0,Male,2024-12-04,368.77,25354.35,26.66
8a2fee07-a555-4990-9df7-4e39d01df919,44.0,Other,2025-04-29,584.78,63047.04,54.89
30377be2-0803-4b71-89e2-5996333e2965,26.0,Male,2025-03-06,635.94,62395.65,39.25
e53f0070-ac12-4126-a25c-c3781d5d86f6,54.0,Male,2024-07-08,22.96,17066.63,47.66
941f8ebc-9231-4940-b411-ae85c351251d,50.0,Other,2024-03-01,666.9,77874.39,70.46
9dd997b8-4164-46b6-9a90-9bdfd616e1fc,68.0,Female,2025-06-13,186.26,16550.25,61.36
99d4372c-4514-4aca-8ad1-bc6c673756e2,59.0,Male,2025-03-31,961.46,95757.57,88.9
9653b44c-4245-4d55-b9a3-775fb9dedd65,61.0,Other,2024-04-01,157.18,19478.19,54.44
8de914d8-6ec1-4804-a2da-c20a80a74bf4,41.0,Male,2024-02-27,420.48,49791.69,45.78
280098bd-1e25-4b74-a614-dd5034733a05,32.0,Male,2025-05-26,94.5,-63.92,17.92
8257c4ea-5b38-4041-b935-a2210262c26b,49.0,Other,2025-02-07,996.91,90962.36,78.82
44c0a71d-0980-4a51-bb56-dbcd6035939b,49.0,Female,2025-03-13,507.17,46981.35,55.03
2cf57cef-5945-4c77-994c-a268788f4dbd,41.0,Other,2023-12-31,599.43,62387.33,36.43
b8f90ec9-c498-4171-bdee-ec16c3778fb6,58.0,Male,2024-09-29,76.41,8770.98,43.41
925c2ee1-900b-433c-a65b-e97fa6fe8537,69.0,Female,2024-05-27,752.46,80384.45,85.08
9acb8038-9a87-45b0-82c0-f915aec7a7aa,66.0,Other,2025-06-04,217.81,14667.39,65.36
1f6ddfdf-fe17-449e-9d7b-94d7743141bc,66.0,Other,2024-04-17,899.07,78363.96,92.13
00cb68c0-c195-4de0-994e-00c9231561dd,69.0,,2025-01-06,213.09,24475.96,54.15
4a16f191-2631-4c0a-90b0-948142c5e625,29.0,Male,2025-10-09,198.78,14589.7,19.9
4f9d3094-8b64-4b52-8e3b-535510686aa1,56.0,Other,2025-04-14,46.18,-6879.98,33.63
5770bec9-8e2a-4bd1-a033-2f93f95719e9,19.0,Other,2024-05-03,477.35,47784.38,26.88
6fed993b-3f28-4792-90d4-4c9547ba1891,20.0,Other,2024-12-15,569.19,60364.35,31.61
03afa110-c5d8-47a0-b4c1-96013f8f19e1,66.0,Male,2024-10-07,75.05,5538.02,54.92
99a77182-34ed-4b36-9e5b-5a6f41be6220,54.0,Other,2024-01-22,777.77,75320.18,70.14
efb5bb29-7784-4fa7-a3e8-86a5f7a38d0c,66.0,Female,2025-05-25,458.76,44371.79,69.81
51f1f936-efa9-40fc-b2ea-c4b9ca051139,34.0,Female,2024-03-04,529.15,50473.8,35.02
88152381-8256-412b-8086-e8bb6f346cf7,66.0,Other,2025-02-05,446.36,37167.39,72.52
c645001e-c2b9-4300-a905-552b8d8a9f20,19.0,Other,,406.76,36307.21,23.52
76165ccc-12a1-4428-86d7-9c841a257baa,19.0,Female,2025-08-31,564.04,58481.16,31.4
9657e478-faf0-4863-a2c5-d584a538619a,45.0,Female,2024-01-27,163.69,16770.69,34.06
4f76295a-a414-43cf-a098-af0d78b9d561,40.0,Other,2024-02-08,190.11,18689.31,32.57
b0b842c0-47c4-4bfd-aa51-64f528fc1a85,54.0,Female,2024-01-13,863.17,81318.19,86.46
46689566-ee80-40a7-b107-af52ff947424,49.0,Male,2025-11-14,946.65,93875.68,76.36
12e62127-e554-46c2-935d-1c2f60de6e45,50.0,Male,2025-09-12,379.58,26231.3,50.62
859016e1-a081-4f32-a54d-3ee404e72017,18.0,Male,2024-08-29,278.04,27683.18,7.96
c1613109-c51b-4aab-9536-f0641938b6fb,36.0,Male,2025-01-15,647.56,71512.37,45.49
97f6554c-0302-47f3-8b97-1b5cea4c5cd9,19.0,Female,2025-03-04,414.65,33312.3,21.81
60c37f17-3c7b-446d-850f-7d10b2e6ff97,61.0,Male,2025-08-08,35.13,-840.88,48.72
bed490a7-ad3a-458b-ad9c-bdf1d18b83f2,43.0,Other,2025-03-04,164.59,16899.36,30.86
3d52ccbe-827c-4b4e-8a2d-fb7ec96523a0,49.0,Other,2025-01-29,718.81,77877.86,65.02
91114b44-6ad3-4882-80ca-2623bc6c04b2,23.0,Male,2025-04-23,662.33,63628.96,35.8
382d3127-fb97-4455-b040-2a63989c8058,49.0,Other,2025-06-14,36.83,-1199.62,28.85
3d54b66d-77a7-4d6e-9103-ec2cbafb0123,21.0,Male,2024-10-24,229.75,12035.47,15.36
7336aba8-6edf-4d46-a9e2-51ba77843e8a,28.0,Male,2025-11-05,238.76,23313.52,13.72
1d467d62-2b14-41c5-b469-4682382955ad,34.0,Male,2024-03-07,675.17,77386.19,55.68
a5c90068-57e4-4213-9363-c5e7b2c6d9ee,55.0,Other,2024-04-09,29.51,2904.04,33.71
f9b3fedc-39a6-4af6-bbf8-440ca2db793c,41.0,Other,2024-11-09,113.07,9903.25,31.17
5dc753cf-6a80-4ade-ba0a-2cdfe4f399b0,22.0,,,801.92,81675.7,37.6
9761af92-8125-47f8-b39d-b77aa9185941,69.0,Male,2024-09-04,186.76,17452.88,62.1
8b541c10-02da-4a43-836f-7af8d2adba6e,51.0,Male,2025-07-13,656.22,61183.67,68.34
3cc8619a-de11-4b9c-b6a9-55896846fabc,23.0,Male,2024-05-30,,,
468f3a60-55a5-4070-824b-76f29d579983,39.0,Female,2024-09-10,108.45,10673.63,20.39
d2a83b5c-b2e9-4573-b581-db775c342067,28.0,Male,,250.74,24102.67,23.06
b6109822-434b-4d71-9ab7-f2d8388234b8,65.0,Other,2024-05-12,725.04,67370.36,76.29
963c444c-3ac9-4f36-8344-3754ea30fa11,33.0,Male,2025-05-30,857.14,92198.27,56.28
44d4d8d3-4e66-43a0-9182-8020d7fcea96,50.0,Female,2024-01-24,831.92,86439.56,78.08
6fcd8b01-d9fc-4ff5-9431-ecfa9936cb40,26.0,Other,2024-05-13,403.21,36755.0,31.59
777bfb55-6715-4c57-9560-c7b17c405497,23.0,Female,2024-11-19,671.4,71801.55,38.37
a8f7b442-c250-4623-896f-1b4ec736b53f,33.0,Male,2025-06-17,212.93,17681.77,19.92
b9afa4f4-244a-4f85-bb76-50d01b399d65,46.0,Other,2024-08-31,300.22,25136.31,45.2
e72087d8-c205-45d8-9e8c-03adfe7f2336,20.0,Male,2023-12-06,897.37,85973.29,46.94
bf38a952-0703-492a-a6c1-dce992db84b5,37.0,Other,2024-06-11,22.87,-8013.33,7.45
0123b967-020b-42c9-81bb-5c2d1e833bfd,,Other,2023-12-02,,,
821a4030-3928-4544-ac0a-4cf44f051114,36.0,Other,2024-12-22,215.81,11306.77,27.76
a030f216-1900-4263-b46f-bf864c44d6ca,43.0,Female,2025-06-15,,,
59d9534f-6e94-433b-a5fd-dcc7c44175d2,20.0,Male,2025-06-26,189.62,7421.24,5.38
3758aa51-77d2-447c-8fd6-35d5323c647f,36.0,Female,2024-06-11,587.21,57800.61,30.88
64fc3925-a32b-4bb9-93db-3d8fc1f4cbb4,37.0,Female,2025-07-01,427.21,41208.62,41.0
09ac6659-7f21-4457-8cac-c15c6b743703,49.0,Male,,893.74,87769.18,76.55
dbb10f64-3925-4b69-97cb-39d84356b470,,Male,2024-11-10,819.27,76616.76,
5d87c750-6124-4fd1-854a-c8f791cf5377,69.0,Male,2025-03-15,348.4,28084.69,62.08
07346a06-9796-4080-85c4-17decc8092d7,58.0,Other,2025-09-11,266.83,27972.68,65.82
a1f67cc0-1065-4b0a-95c8-4e32dd23f614,,Female,2025-10-15,385.9,35006.56,
ad905a83-0736-44f6-905c-ba96b3c2ee5c,57.0,Female,2025-10-07,594.39,60542.9,71.37
a6a83f3c-d34f-4f09-be3c-dca331e576d8,56.0,Female,2025-01-25,275.38,22094.05,47.26
2a67b85c-e462-4fe4-a126-1a22bd0bdf2f,35.0,Female,2025-05-17,627.91,63275.15,37.4
e1e99ec9-7413-4705-a777-93287b670da5,57.0,Female,2024-05-07,415.32,47267.49,57.76
03ea203c-10a3-4c22-96f9-fa059d08a72a,18.0,Other,2024-02-17,,,
f45b26ab-421b-4983-a5b4-32db2604e9f8,28.0,Male,2024-01-05,441.77,41378.79,29.52
cb66227a-750c-445f-ac51-c257763f14f4,45.0,Other,2025-09-18,301.52,30464.53,40.49
64819bf2-eaa5-47ba-9448-9ccb02c6b632,42.0,Other,2024-12-06,948.97,93815.79,72.36
578a854a-d6f2-4033-8af7-d34cf2d52090,67.0,Other,2025-10-18,765.97,76448.85,85.49
d18674e4-736c-4024-9333-108726264cd4,40.0,Male,2025-04-29,148.71,12010.9,22.07
f2689869-0991-4cea-90a4-5c6a6d764a0f,,Male,2025-03-05,869.78,86144.44,
6f1d80c0-ef84-420d-bb70-cdbb476b5703,47.0,Female,2024-05-24,,,
170dfa55-9deb-4dbb-b45b-2a0a968d2ee6,59.0,Other,2025-01-13,895.61,84626.03,74.74
c6f8a190-8857-4516-8aa5-7e278a03fa96,52.0,Female,2023-12-16,801.86,74979.79,77.06
59981677-1887-4a20-829f-37e480e77819,24.0,Male,2024-09-22,,,
002aa83b-5883-42dc-a61c-8d042697f32c,,Male,2023-12-28,32.24,-6206.49,
12ddecc1-2df8-45c0-9c74-454afc714acb,43.0,Male,2024-02-23,275.99,20495.92,30.82
0d8c6a4f-5ede-4a06-9461-4885afa689cc,65.0,Male,2024-05-13,546.22,54859.91,69.57
b9d86bce-21de-4dc3-aac3-dada1b20f3ec,69.0,Other,2025-06-16,637.14,58844.52,80.34
640193ea-7e00-46b2-84d7-95208d9f3ea8,66.0,Female,2024-06-26,265.31,28064.33,51.83
8b9d32c9-b374-454a-871f-d017dec9d2d7,19.0,Male,2025-09-26,147.96,13736.25,4.07
ae7e9302-e690-44a0-89d8-83a4c3f3a96d,18.0,Female,2025-05-18,836.58,73747.42,45.06
b3d613e4-0398-4ff7-b582-8cef0facfab7,65.0,Male,2024-03-12,984.56,101913.22,102.53
f811394e-8ba4-4304-bb76-7ee22f24ac6f,29.0,Female,2025-05-02,530.43,56510.88,34.92
569ba04e-8947-415f-96dc-815ce981d8d0,,Female,2024-03-20,179.96,11847.52,
96924bb6-f3fc-4453-93b3-657646fa9919,54.0,Male,2024-08-20,279.58,29048.36,39.2
13b234fc-7df8-4491-9fee-05aaeb170afe,49.0,Male,2025-10-15,28.21,-2897.44,34.38
89ead4c2-a78a-489a-8dba-f6a45ed583f0,26.0,Female,2024-09-29,915.16,92069.26,49.61
7e5116c3-2a23-4086-b1ef-6307e86f264e,58.0,Other,2024-08-01,126.57,5065.0,46.45
b0b6c925-794d-49d8-b005-3e7efab23434,52.0,Male,2025-01-24,580.75,48608.5,60.88
abc29188-27e9-4289-891e-349553584369,36.0,Male,2025-11-02,281.31,25209.25,37.81
ec83af50-ecba-4f5d-814e-a8030d2cda9a,65.0,Other,2025-10-07,558.64,54706.97,69.37
c8ac719e-96fa-4771-8c2a-015fa142e70c,33.0,Other,,654.91,63127.12,50.4
2cccf253-1af0-41df-b3c0-d287c2dcee93,20.0,Male,2024-08-03,831.44,77147.09,42.1
15d0fc86-fc86-4dff-9f2e-1a4d74b06ed5,37.0,Male,2024-02-10,214.36,18315.55,27.99
7bfdcf09-0834-4a74-b43a-5199b49f55be,41.0,Male,,20.89,1987.13,21.95
089199ef-cc66-488b-86b3-b447705e2c1d,50.0,Male,2025-01-28,145.52,13090.09,33.8
9bf89666-19e0-41d1-b9b0-242614eea613,41.0,Female,2025-02-28,901.02,91055.48,67.55
28c3ccd9-4f2d-47f9-951c-ec42b32e41e3,69.0,Female,2024-10-27,875.15,84161.63,93.44
bb7079e5-4606-4815-b693-c6df6cc5bf02,28.0,,2024-01-28,601.44,65536.63,40.85
68214bb1-4378-43bf-b08d-6bfacc3cec38,66.0,Male,2025-02-06,604.51,54109.37,77.48
7fb0f4ec-062f-40fc-bc24-0d35010de4b2,25.0,Female,2024-03-20,668.39,68924.13,44.1
52665f38-5bc9-44ef-a037-283322568ff0,53.0,Male,2024-07-10,183.62,23098.48,47.53
60ce91de-0d0c-4764-84e9-6b7e56bfa08d,55.0,Male,2024-11-10,915.27,93996.63,76.82
4975a2d1-8d0c-4b67-821f-ba370d760e75,57.0,Female,2025-02-21,424.58,40680.15,63.43
f6d5ad0b-a027-4f4b-a0a5-9825bed5cdde,37.0,Male,2025-11-02,389.31,35464.6,31.75
1dd95aba-99fd-4233-8abd-55a0ea8ad099,52.0,Female,2025-10-09,523.73,56955.98,62.16
c0e36129-9d8d-4cdf-b733-cea6691f4e3b,65.0,Female,2025-03-21,56.5,-2852.96,51.31
16b0fe9d-aa11-4866-9ad9-74b14574d56f,42.0,Female,2024-09-11,174.62,11423.17,22.11
46494acc-522c-41e3-84a2-1b8c92537995,52.0,Female,2024-02-03,740.65,71846.82,70.72
75489016-3241-4e5a-a796-01b9fb2dc0b4,,Female,2024-03-02,91.97,14057.21,
6e678c13-bae8-48c2-b153-e9e8f0956684,46.0,Other,2025-01-29,607.12,62154.49,53.78
99fb31f8-77cf-43e4-a06b-2c56d45f41d1,35.0,Other,2024-09-25,252.9,19394.03,35.54
12ebb7eb-8d56-4da8-8fc8-8d311566c397,63.0,Other,2025-03-23,,,
cd5db282-5aa5-40ed-a247-5384bc7d46b1,35.0,Other,2025-09-16,295.81,25526.25,26.93
1ad33cbb-98a5-4eba-b9e2-081637b599b7,19.0,Other,2024-08-07,362.12,31792.13,19.03
d956182b-20eb-4708-8b73-a8d68f014890,52.0,Female,2024-09-27,721.86,76818.26,72.72
1e7d57c3-10af-45d8-b0d3-849fa916752c,33.0,Male,2025-04-01,304.15,22587.27,28.72
7b138c0b-8709-4827-a4d0-07058ff6dab2,58.0,Male,2024-10-01,570.74,64600.0,73.33
1763eeb3-a1e3-4c03-8692-f739594a4af2,53.0,,2025-02-21,481.29,51600.88,60.7
e9e4c3c5-56ea-4361-b1b7-43c20c4fe78d,,Male,2025-03-04,667.03,71802.34,
d939a8e8-92c4-4c32-a16c-04ac42eeed6f,21.0,Male,2024-04-04,937.46,91533.94,47.22
81452fa9-50df-43d5-bf2b-b0d41811d45e,50.0,Other,2024-04-17,735.25,72535.77,65.21
b05198d6-c3c6-4d0b-b92d-cfc57889258c,31.0,Other,2025-01-12,222.79,14006.55,25.73
0e51b5e9-108f-4c39-a7f5-1d58ed9b8753,38.0,Other,2024-10-21,40.87,49.16,7.82
a4b85979-b37d-454e-add6-90767ac1956c,65.0,Male,2024-08-11,269.64,28404.86,71.79
bed025be-f31a-431f-8675-9a550986523c,37.0,Other,2025-07-07,599.13,65923.45,51.0
e7c94b20-68fb-40ad-a78d-c7b994844853,25.0,Female,2024-08-09,,,
c6cf5d9d-ac66-425c-8e1e-7cf8567dce59,24.0,Male,2025-06-28,501.4,47677.23,36.54
8492bf07-8d43-423c-bfd7-62d8eaf1a0c3,20.0,Male,2025-11-14,600.87,58863.58,43.49
bc139f86-35ce-42fb-b470-7a30e33bd416,34.0,Other,2024-12-16,340.9,26204.22,36.63
af9402dc-82b7-4b7e-89ac-8c4aa8e9e49b,50.0,Female,2023-12-02,773.2,80101.43,74.69
fbfcbfd5-36d8-4757-a20d-2e8e2d1bba2a,65.0,,2024-10-08,115.53,6644.85,51.86
0793d4c3-0d7a-4c07-afe5-2fcbfbc5c025,29.0,Other,2025-10-12,84.39,6121.16,13.63
dc388d41-1a9e-4b5a-8827-711317fbe00a,68.0,Male,2024-12-19,730.91,70584.38,83.06
d95ac02c-7f35-4353-9a24-d44af7e5754d,39.0,Male,2024-10-20,500.54,45470.61,41.17
f0cd191b-ca27-42b1-86cd-079b06713a2e,39.0,Other,2024-12-18,691.52,68803.25,51.57
3f067299-5672-43e0-a25d-2fa8c5bec43a,63.0,,2024-09-05,440.48,42231.63,59.02
a6848855-a847-4ab7-833a-879999834050,47.0,Male,2024-09-20,253.94,22480.73,40.22
37015cc3-2505-49fc-87c4-1302b1b0cbea,55.0,Male,2024-04-28,820.91,78354.11,68.85
1b7e3cc3-770f-44c6-a27b-a9818b0c48dc,55.0,Other,2025-10-16,801.42,81612.06,77.24
18dce070-c6c2-4141-b67f-917710fc970e,62.0,Male,2024-04-18,697.75,77740.1,77.69
8a64fd80-4a71-4f70-8dba-fa18feac60e9,68.0,Other,2025-07-13,279.42,27630.57,63.22
b93bcc4d-b2f9-447b-a347-54ff154b8f45,25.0,Male,2025-07-11,594.33,63935.6,33.73
b39f9fae-cf7e-4221-86be-b4bc81da181e,44.0,Female,,367.36,28922.83,58.81
6f8b4ca3-82b3-4bcc-958c-cf95996ac018,44.0,Male,2024-10-26,100.67,9542.47,36.67
a7477183-aff6-4faa-8601-5ed350781a56,51.0,Other,2024-08-07,918.14,86397.11,72.07
46144b61-e49c-4e0b-92ea-382f6f16ac97,38.0,Male,2024-05-30,145.45,5922.81,27.43
e112394f-673e-4458-acee-e0b6ae7081b1,47.0,Other,2024-07-26,950.73,91501.24,72.99
8b5814b2-b85a-414f-a1bc-43ee3fc31380,50.0,Other,2025-10-25,451.55,50394.9,48.52
a9cb6c6c-4a79-4712-af76-261510de1b1b,45.0,Male,2024-09-24,193.28,22921.45,28.86
d332b399-b954-44f6-b3c3-a2f488539a85,64.0,Other,2024-10-02,546.48,55304.07,74.3
932cbc31-f8f8-4bd6-acbe-6d21e2250b34,50.0,Male,2024-06-20,874.22,79754.13,71.67
d2ab37c9-095f-4663-aaa3-a3bd059d86f3,22.0,Female,2024-11-21,734.9,72268.47,45.39
131b70e8-e0a9-4ae4-9416-4af41c30de83,,Other,2024-07-20,808.5,82242.92,
421bc689-cfd5-4a75-add4-e3d4edcea4ab,36.0,Other,2024-03-17,662.2,66734.54,57.45
ee4647ab-9bfe-4934-98a0-271ec8c5d1bc,21.0,Other,2024-12-10,695.35,60008.99,33.29
7b0fcdb6-3f48-46d0-a690-9cda44af6b8f,52.0,Other,2025-01-04,850.7,80574.24,78.22
db6033e5-b90d-4686-8a7f-1369805f27b9,66.0,Female,2024-02-15,257.17,24348.09,62.56
06b4914a-19eb-40d9-9b24-55995b957216,34.0,Female,2025-11-07,494.53,51487.59,37.72
f111ef26-49d2-4629-ab5a-5c3a00b25da5,61.0,Male,2025-07-28,229.0,10823.18,49.2
689fc3d1-d3cb-40f4-90d2-6a1af146dff7,45.0,Other,,987.79,98156.19,84.0
7e940b40-ccd8-4bb8-9ecf-2cf4684426b0,47.0,Other,2024-03-31,944.62,95292.0,76.86
a4150406-f7c1-45bf-9a3e-822e4f49aad2,46.0,Female,2024-01-03,49.03,7750.34,32.38
df7b786d-7c05-4f70-be80-f9795fe42d8a,63.0,Male,2024-09-12,708.52,74031.53,75.29
18da8699-65a3-4e64-8ca8-7723a7183750,23.0,Female,2025-05-24,,,
aaf2e0f8-666a-41f1-865b-36b83739d5d6,52.0,Female,2025-09-17,188.77,13713.04,39.34
d33446f9-a11c-4128-80e2-d2511082abda,58.0,,2025-08-06,572.27,47171.67,66.95
dd9934bd-e2ed-4914-98c4-1d0b375351e0,54.0,Other,2024-11-07,916.33,89734.62,75.82
acde7611-d257-4798-9c11-6c4c01ee4cfa,41.0,Other,2025-02-14,43.61,7959.27,23.98
8d259cb6-a13f-4750-ade4-809ad48fa99c,46.0,Female,2024-07-24,700.45,76713.86,53.88
ec0ebe33-7041-4868-a56a-2a17210524c5,66.0,Female,2024-11-13,304.38,33022.12,56.19
4d36ec7a-55f6-438d-9e0f-24f634384df3,63.0,Female,2024-09-06,925.15,94743.52,93.77
b91c55f3-7406-4ffc-b9a3-6cbf26d055a2,48.0,Male,2025-10-29,971.35,99193.19,81.08
a6997000-424a-4e39-b676-6868be66f50b,52.0,Male,2025-05-25,944.82,91816.5,78.67
d6669bc9-9732-487d-8722-b46eed30757d,50.0,Female,2025-10-03,479.47,46624.35,49.92
8a6aca5a-34ed-411f-b706-83b1f09d8f8f,69.0,Other,2024-12-19,863.42,94664.7,88.02
d27f9c51-950d-467d-aec6-526338e362c5,38.0,Other,2025-05-25,,,
95f001ca-8795-4bab-b25d-3debcbc8f198,49.0,Male,2025-01-20,325.91,39732.7,49.44
7f94d115-2b95-444c-853d-74bd99d994bd,40.0,,2025-06-03,830.63,81374.73,67.7
455dc7e3-2af1-442d-9eba-4e640f6c50bc,50.0,Other,2024-05-07,46.64,9886.39,30.52
cac8b89b-6d5d-4623-ab2e-21ba76f19a9b,20.0,Male,2024-10-26,600.31,52529.06,25.97
7e92126d-01d9-4954-8475-f1241840c1e0,35.0,Other,2025-06-15,,,
6428cfce-b1d5-44b6-b639-a385bc8caba3,42.0,Female,2025-01-14,129.36,7987.36,25.25
63af11a3-2a43-4b9d-99be-45a4ebf1db5f,59.0,Male,2025-03-17,86.18,203.81,41.24
cdf4153e-e343-4462-9c6c-07dd6abb7dae,48.0,Female,2025-05-12,699.33,70725.36,70.85
e2c3e532-222f-4113-9d27-5454265bec93,20.0,Male,2025-02-28,346.48,38797.97,22.97
d167f597-c6e1-45aa-a2e1-77f928fd4996,57.0,Male,2025-03-31,727.52,68274.68,75.27
0d967a4c-c136-4979-8535-69eb43f02b82,63.0,Female,2025-04-25,74.7,-1382.36,40.81
80252f9b-b93e-4674-b0e6-81577408ffbf,41.0,Female,2024-02-01,322.14,30816.2,39.24
45a97994-b99d-449f-af67-d13fabe2c7ed,67.0,Male,2024-06-24,544.1,53409.84,80.28
fa277556-0fea-4c10-bb30-cca9fa710841,49.0,,2024-04-01,792.82,81881.49,68.08
d25ca37a-1ad3-4eec-b3df-e05367ceaba8,64.0,Other,2025-06-18,325.56,36371.18,67.67
b155e6a2-881c-4d32-83a6-2f9420d3a2cd,39.0,Other,2025-07-28,629.63,62247.67,58.32
53d131f1-9434-483d-b013-69fd537f4599,40.0,Female,2025-02-06,887.12,98006.97,74.25
7147c29b-34af-46a4-9119-98447300a015,19.0,Other,2025-01-16,619.7,62656.12,33.27
bd012051-2acf-4daa-b57a-33f289ad3aab,44.0,Other,2025-03-27,240.63,21254.36,39.92
aab77b21-b710-47f9-867a-2159906f32cf,59.0,Other,2024-04-03,34.16,-6067.72,48.26
0f944b61-3a62-40e5-b16d-50f6d016d2cd,19.0,Male,2024-03-10,871.4,85817.56,46.78
9a18c892-70d6-47d5-a57a-edbecced5b36,43.0,Other,2023-12-09,31.06,-7.06,22.84
c50aa29a-a7c9-4d3d-8eb0-90696a70c2cf,34.0,,2024-11-18,875.95,92395.08,57.24
dc238116-c684-455e-928c-868f2801bb90,57.0,Female,2025-09-30,533.65,55096.75,65.82
aceda367-9804-4486-bef4-371f1f2b2e33,50.0,Other,2024-09-19,939.68,88177.55,71.96
7c8358b3-6766-4fca-8e6f-04698b066e15,26.0,Male,2025-08-09,800.8,80812.66,47.1
e5a6382a-7202-4563-bbef-7d22e8aea852,60.0,Male,2024-06-27,997.95,103357.66,96.66
43649883-c970-4600-834c-59e875f17810,65.0,Female,2024-05-06,357.2,42480.91,52.54
3637f1c5-ba2f-407d-a80a-a415e3c3d843,56.0,Male,2024-10-12,769.52,81207.98,83.31
721336f4-133a-4e14-bc1e-ed13af5b1759,46.0,Male,2025-02-21,407.91,43801.79,53.06
7d152480-5cd2-4ebd-8771-22b059390e96,59.0,Other,2024-06-21,485.08,48145.57,61.82
567dbfaf-d856-49a5-8f04-4fa44042a047,43.0,Other,2025-09-19,631.23,64649.01,58.58
746272b1-4206-4226-9699-61a2e547b5f1,52.0,Male,2025-06-20,874.94,93738.37,77.09
7d7b0edd-8c99-4991-9be1-917073b2daaf,67.0,Female,2025-05-09,984.24,91941.91,103.49
9324e88f-91f1-4eb7-b06f-9f0b38fb500a,42.0,Female,2024-11-01,770.59,75132.07,66.88
92aa5335-edbe-4644-ade7-de37059e15c3,41.0,Other,2025-01-13,423.59,37729.25,36.34
d173865c-2778-4ac7-a585-ded8348c6783,30.0,Male,2024-06-17,427.14,43848.87,35.68
d1fd18da-a3b9-4f84-a3ce-6e36a3816cb6,,Other,2025-11-08,,,
047ae987-b00d-4dd7-8013-4db3b5002910,53.0,Female,2024-06-01,246.39,20587.37,46.51
06fdf626-cea7-4b49-b33c-8cb6e47d6765,62.0,Male,2025-07-08,119.37,-1296.22,44.82
51ed292d-40b2-44b1-a24f-aaebb2068613,,Other,2025-09-20,361.08,33174.21,
4cedf20f-3ab3-4099-a573-7c9283f3db81,18.0,Other,2024-12-16,294.37,33018.8,19.43
6255bbd3-2311-4424-81c5-d9f2ad1c2cfb,25.0,Female,2025-10-08,303.35,32052.78,17.85
b7d9cb1d-c1f1-4f51-ac8b-5691162da309,63.0,Other,2025-04-05,241.27,25192.51,48.97
070d5713-c216-45f2-9ea5-cc626b7d17fe,33.0,Female,2025-01-05,51.67,2370.78,14.66
0764dc38-3c71-45f8-af5e-29f50879359c,31.0,Female,2024-04-11,27.7,-5061.97,15.58
e052e687-55fe-4256-9513-3a65ae92903c,29.0,Male,2025-09-13,987.85,101549.38,61.47
6016fde4-f4eb-4fe3-8224-029942127c12,68.0,Male,2023-12-23,433.5,38428.45,76.59
9411dbde-6939-4c98-8aec-a771c2016729,,Other,2025-10-21,390.48,49145.55,
4050c872-9ed0-4408-b1f6-8e941a35951d,32.0,Female,2024-07-10,,,
1e597ba9-49cf-4d08-bb16-a79d1a5d2e1d,45.0,Female,2024-12-21,226.07,18602.62,38.86
e639c188-87bc-4a06-ba35-c33c3236883f,,Male,2025-09-21,950.46,92113.71,
5820e4d7-6f5b-4163-baf7-d2006ba35617,19.0,,2024-03-21,788.48,78233.82,39.35
1de2732b-6932-4bb2-9319-585a50303b78,49.0,Female,2024-12-23,98.52,7337.51,39.96
92683a29-dd7f-40b4-bb2e-14ec4a5583d8,40.0,Male,2025-04-24,423.4,47156.94,42.1
894a7d3d-8b28-42d5-bb0c-b07fe9096fbc,39.0,Other,2025-03-08,880.33,88971.05,67.12
ce7bfa9a-3dbf-497d-ac77-9ff948c05e1e,68.0,,2025-05-03,945.28,90985.72,94.75
569c2c9e-f9a2-472b-b354-ebcb8f83e5d6,42.0,Male,2024-09-15,472.73,56041.45,41.67
4f13c82b-7813-4163-8a70-c53ef1a1083b,39.0,Other,2025-09-27,617.28,61535.39,50.62
f88745e1-dde5-48c3-8a2d-eed1940a70a1,39.0,Female,2025-07-16,175.36,20193.25,30.31
4a143a6f-952a-41e2-9f97-f1590826387f,66.0,Other,,991.26,96278.55,93.44
7edf9326-ebda-441a-a63a-091ab903c3a6,,Other,2025-01-05,239.35,24671.91,
4d4fbf63-466a-40e3-a338-05430f801217,59.0,Female,2025-08-30,943.3,95998.07,82.72
ab732c48-4daf-4ce3-a231-f99ec114628a,23.0,Other,2025-01-04,653.15,55488.3,42.97
d2002ae7-88a9-4861-a5e4-59fc600725af,32.0,Male,2025-04-05,611.66,70793.71,42.61
38ca23b8-bfb2-4532-9e4e-62b748a5ae18,60.0,Male,2024-11-12,517.56,57601.33,74.01
68170037-6b8f-4f0f-b3b4-3131fb81a31f,54.0,Male,2025-02-02,238.36,20769.68,54.32
124e5578-697d-41f2-ab4f-9dabc7fd00ef,50.0,Other,2024-03-13,184.76,11793.61,39.62
7dfd1f8b-e762-47f6-a123-d4437b02510e,25.0,Male,2025-02-22,228.28,23468.41,12.69
0067046a-3944-4097-b98b-b72ab766b717,61.0,Other,,194.57,18736.04,40.88
8093f46d-7d4c-4816-b1c1-f6742527120f,61.0,Male,2025-02-08,781.79,79796.57,73.81
39bfc12a-a608-4adf-a9fb-9957b9cf6d65,22.0,,2025-11-19,356.62,35739.66,14.44
3c193305-766c-425c-802d-369830c24c0e,56.0,Other,2024-06-26,67.26,7887.33,46.83
6d706a45-1762-45a6-8720-4c8453669fe2,21.0,Other,2024-10-22,969.41,104334.23,52.07
c1e5e464-b5d2-4bd2-9ccd-00bcef8025d7,23.0,Male,2024-12-25,884.95,91349.3,51.1
cefd8eb6-3be1-4da5-b580-2ca4177fdb9f,62.0,Female,2024-09-13,928.47,87686.15,78.5
7b0806d3-1bd9-4907-8dda-dfd290d70930,49.0,Male,2024-09-07,994.96,106508.75,74.25
9e944df3-3120-4310-a9f6-2dcadac2d360,69.0,Male,2024-09-30,182.16,25243.63,62.96
e9e20c13-cd34-49c5-a37a-62ce7708368e,47.0,Female,2025-01-10,402.28,55185.32,49.58
02938bc6-f977-4d4c-bd94-c398baa7a972,64.0,Female,2025-10-09,760.66,70252.0,82.3
db9c8d0f-c3a2-4b66-ac4d-63a28e5a1c25,52.0,Male,,,,
ba3f2ccf-b109-49a8-ab44-aecc7b93a264,57.0,Female,2025-05-09,162.36,4616.56,53.93
71ac47e7-d220-4a5d-917c-021717f6e357,69.0,Male,2025-02-16,817.67,84432.68,89.73
1e5a3b27-9c91-43b8-89d1-30b64f94913a,33.0,Other,2024-08-02,232.2,19388.23,26.12
4fd14479-cf34-4138-a338-a2fdc4c44704,30.0,Male,2024-04-11,231.58,31683.41,23.76
b602aadf-b6c2-4d30-83de-16dfe26317ba,67.0,Other,2024-02-20,541.6,49719.71,86.8
0d050010-8665-4a31-aedd-9dd5793b7499,59.0,Male,2025-01-03,,,
e8bb4886-306e-4ff1-91ec-5746be93009a,47.0,Female,2025-04-06,584.29,55577.7,60.81
63a0e411-57fa-486c-8e2e-b5de29df8275,36.0,Other,2024-06-20,100.57,-1133.95,21.44
cc7c7ebf-a589-4d8e-aaf9-126c3bb5c537,34.0,Female,2024-10-16,878.69,91627.69,62.46
aa892671-d57f-4e9f-953e-287a6ec2da57,36.0,Other,2025-11-16,272.94,15946.75,27.5
585c0aad-a8ed-4b95-92d5-744070c9d883,45.0,Other,2025-06-27,138.22,12714.49,32.51
6732adc1-e79e-4e9b-85ed-ee7284dcd1fa,43.0,Male,2025-08-03,889.86,78619.04,72.57
a9885ad5-f856-459b-87fb-5727ba220ecf,54.0,Male,2025-06-19,956.09,94141.68,98.73
d80165a4-2899-4c3c-8a0a-16f1be9dace7,43.0,Male,2024-02-27,863.51,94545.4,71.71
befaa9ea-bfc6-4f0f-87be-3c029eb8b68c,40.0,Male,2025-10-23,811.42,82834.6,57.84
339e756c-e4bd-4611-8cb7-7b3682dd7edf,26.0,Female,,658.69,61182.45,38.47
59113af6-c221-45e2-87bf-238f0293c4d2,29.0,Male,2025-02-17,555.35,54835.03,36.01
047bd801-3d8f-4ac0-bc8d-bbf20acc4423,18.0,Male,2024-07-04,96.12,8381.05,-4.83
07595af9-599a-43f3-b401-1d61df14c5fd,18.0,Other,2024-04-25,414.37,43017.64,18.68
ad4ad224-e0d2-406a-864e-0dcf636e3a2e,64.0,Female,2025-03-12,378.96,30219.28,67.29
f703f918-9975-4a6c-a084-e2623ce588fc,51.0,Female,2025-06-06,267.16,28647.22,38.82
4772cfe3-d379-4f41-915f-c3772912763d,,Other,2024-12-25,726.19,58842.18,
a4cb8d83-dadc-4086-a84e-6db2219dd74e,65.0,Other,2024-08-11,500.92,46306.52,73.25
8682c979-ef3c-4bab-9567-e9655c936d99,42.0,Male,2023-12-31,90.24,5251.64,23.7
b3d7f64f-3191-4f57-9c82-307f3ecbbc9c,57.0,Female,2025-10-26,227.98,24866.72,48.38
8fc52ecd-6ae4-4d48-92d7-d7a28f36c35b,62.0,Male,2025-06-03,,,
872d6715-59e2-4d96-9860-0d9c17e18e3f,18.0,Other,2024-10-23,85.37,169.96,7.27
eac5995e-9c7f-4291-825e-91f3dd83450e,33.0,Male,,852.69,80303.23,57.36
2114a687-e2f4-42be-a471-bfc9d01b9feb,56.0,Female,2025-11-26,500.2,50376.13,60.76
5d279927-2ee3-42b7-b754-411b509937b5,22.0,Male,2025-11-24,485.78,47520.99,28.26
9479ff1a-5fdf-4f5e-85fb-8030e50f70b4,39.0,Female,2024-07-30,596.48,56278.03,47.62
9d8a375f-2325-4b41-835f-ce3f61cb73c3,46.0,Male,2024-12-14,826.43,80153.59,58.21
9d52c572-5db5-4c9d-977a-3803803dd54a,20.0,Male,2024-08-06,354.33,38029.73,29.45
9e44c961-286d-4cff-8a25-4fd674a58c6a,29.0,Female,2025-04-09,681.24,65204.61,45.46
c05fdaac-5b91-42ee-b830-aa1c830b013f,43.0,Female,2025-10-03,570.07,56047.5,54.74
c620ccf4-204f-4b60-9a2f-30e295da3a0e,33.0,Female,2025-07-19,274.36,37266.25,27.62
a5cad45b-194b-43b0-9fad-ee5d2d862d2d,68.0,Male,2024-04-13,879.84,80870.73,89.34
36c2399f-e8ef-4ea4-b2ee-7795e4f294e7,54.0,Male,2025-06-15,799.45,70554.89,74.27
3887f686-4248-4e41-8320-78c0410a2ef2,39.0,Male,2025-02-23,661.87,69741.25,45.5
c1ca385e-71f0-446d-ae2b-e6bd6b8c3f83,46.0,Other,2025-05-11,852.08,81772.95,81.42
9ec29fb5-aae2-4057-82ce-ffda799ce975,31.0,Male,2024-02-08,868.62,85256.97,50.0
4f5338c3-bb22-4fef-bcf0-e09d667a9fba,45.0,Female,2025-06-24,711.28,66942.13,56.73
71cb3a46-59c5-42ea-a3fb-a5eb3f3d5ae8,22.0,Female,2025-06-09,838.64,82500.42,43.62
e96d7abc-493b-4b0c-a753-6d92b70149d1,64.0,Female,,700.5,77744.36,86.41
44fa22ef-16dc-4131-ab15-167d89f1cd7d,66.0,Male,2024-01-15,683.34,72017.27,81.13
a540a02e-2fa9-4a95-9eb3-372876679857,47.0,Female,2024-05-07,622.43,66123.68,53.16
022b050a-a9a9-4958-ad68-a2baf5b277a1,63.0,Female,2023-12-08,755.19,68232.08,88.05
f96da66d-1218-4805-b015-6c9e656529dd,69.0,Other,2024-07-29,167.02,9745.17,61.41
585149b1-81a2-4fc8-a8ac-087d4c67f388,22.0,Other,2025-03-10,882.06,74019.5,50.72
62cc7507-bdb8-4e8a-840e-b3890fae5c20,29.0,Female,2024-09-21,873.13,83259.88,58.02
41ab3664-7af7-4698-8e77-d768e62b8fcf,33.0,Other,2024-02-28,38.95,7260.74,27.92
7331df6c-98a9-48b4-be63-796be9a2a55d,43.0,Other,2025-09-17,827.56,85257.41,76.77
f82ebe14-b17b-4bc1-a69e-47dfcd22b3fc,43.0,Female,2025-04-26,137.58,11399.55,27.33
1bf4b9e3-2669-4151-9335-6cb00de359d4,65.0,Male,2025-08-14,341.77,33160.14,70.83
1e796a12-9757-420d-b5ca-73fb355f4878,,Male,2025-01-08,746.07,70941.35,
a2e4b9b3-9e3e-4333-8345-0bab7b5e0f51,56.0,Female,2024-03-30,169.15,16741.33,47.61
e7ef3eb6-c18f-4a38-bd08-ca147acb33ab,53.0,Male,2024-12-18,819.79,85711.92,66.79
1494fbdc-bacf-4dc2-9c45-dd956940bc3b,50.0,Other,2024-04-14,833.81,75228.82,72.17
b394b82a-6924-40be-93bb-bcf19bce1e2c,47.0,Female,2025-01-16,512.39,52120.59,49.68
5e42fd25-b839-418d-8e31-779e0afa0156,54.0,Male,2024-12-07,16.32,4838.1,39.52
a558f2c4-b581-4cac-9838-ac55d1afdc48,40.0,Male,2025-05-21,294.17,26355.59,41.14
bdc86f6e-2e49-47d4-b763-0469158a6c66,27.0,Other,2025-08-04,620.76,65146.24,29.27
89ae3010-be36-4002-8f2d-c2e52116592a,22.0,Female,2025-02-06,981.37,112387.22,52.97
1540a62f-3079-4a94-ad3e-4119d39f7084,53.0,Female,2024-05-11,635.5,62619.96,71.49
678b7122-112f-4ca8-a607-a964e1ffc75e,51.0,Other,2025-09-02,,,
7c87f8c6-dfdc-4f7a-8401-d1b2f7d55c3a,69.0,Female,2025-07-09,637.67,59672.06,85.33
35d6df12-5a35-4d4d-84cd-1a35bbbb2b36,48.0,Female,2024-08-15,544.59,54803.1,58.12
8c656496-d31e-4f0b-938d-cf026a65675d,27.0,,2025-04-04,782.05,80346.02,49.55
2b0317b9-3299-4633-b825-420060c997dd,36.0,Other,2024-11-04,115.91,11277.66,21.44
28aaa2e1-75f4-4f91-8d09-efb4fbfe6995,49.0,,2025-11-09,763.42,71051.66,62.38
6bd21756-2ca8-4854-8437-3329d426b5d1,18.0,Female,2025-02-01,545.85,55056.78,21.4
61434d60-cedd-40b0-8811-a56fd3a7a3f7,22.0,,2025-02-24,963.36,103793.45,55.71
fa529e7f-ca03-4823-b825-eee6c168ae5b,62.0,Male,2024-04-04,348.45,36194.12,60.21
c60adc2c-b139-41d5-8e74-81e5000db412,21.0,Female,2025-04-27,636.3,68032.97,33.86
ad1f3503-5400-4cb1-9d6c-8ee7c39f0116,,,2023-12-16,932.71,92180.54,
94551b0c-41dc-4483-b194-081e63bd3879,41.0,Other,2024-04-04,111.48,13602.45,25.95
101ad3b0-da8e-44ad-809d-f224df2b18a6,33.0,Female,2025-05-08,937.86,95285.66,66.89
e013ee2e-80a8-42a8-9733-3af5893bbc68,19.0,Male,2024-10-24,,,
95b1e5bd-4cbb-450c-93f8-84db6256b64d,66.0,Other,2023-12-12,77.16,7955.48,43.53
6f52d660-d9bf-4133-b362-c6f88658ba6b,45.0,Other,2024-10-16,307.95,24873.93,45.11
0ff4dd8b-0608-4670-b7bc-592aee09087b,49.0,Other,,711.09,67664.19,64.78
00f3132a-5715-4e92-8f39-893b18ad7851,44.0,Other,,76.68,7260.71,28.8
2e65139c-3c6f-41c6-be34-2fecb590d790,,Other,,586.35,59629.73,
07524f67-bf11-4212-a15b-c37414e1373b,41.0,Other,2024-03-06,352.42,28408.5,39.62
87acca39-bebf-4d27-89c4-bc3f8eb3a861,29.0,Other,2025-05-01,624.71,67314.35,43.25
e58066ed-9a55-4c83-8247-6e4124801226,67.0,Male,2024-06-11,55.28,6997.89,44.21
61ce9707-ef43-46f7-b78a-f4303ec46448,52.0,Female,2024-10-29,872.82,83751.62,75.87
27413906-74ca-4ec9-8a3f-cb5a56148d71,50.0,Female,2024-03-25,973.75,89851.13,83.19
e126a0e1-f5f9-4825-aaa5-b31df6796e4d,50.0,Male,2024-11-24,,,
e042606f-e0e2-4de1-946a-86c624811ee6,68.0,Other,2024-03-14,752.16,72775.37,87.53
f9fa33e9-1ab9-40e5-9644-29af88613db9,60.0,Female,2025-04-10,138.79,13195.87,48.0
87caa0e9-51ae-4d12-970a-ce19a7855b4d,54.0,Other,2025-05-28,760.68,74055.92,73.44
756a8776-5bd6-4125-a55c-d36acf562674,29.0,Female,2024-03-11,34.34,-8028.86,16.97
23781b6f-1c54-49f4-b690-a78a5f341564,20.0,Other,2024-02-06,31.9,-181.44,4.51
93168c58-3faf-474b-a560-ad992ba5ad2d,18.0,Male,2024-05-22,,,
7c6e7a74-7b66-433c-b179-3dbae2a5cfb7,50.0,Other,2024-07-02,493.76,51896.14,50.77
7f5d6565-af66-44b6-95be-75c74216afc2,57.0,Female,2024-07-28,772.7,73602.84,77.46
f0f9d39b-f944-4ef1-9cc0-1b31bf97e82e,,,2024-04-17,686.46,76717.28,
f89176f6-aca7-4eb1-822d-1613799fa9d0,60.0,Female,2024-06-10,451.44,34866.02,58.04
fc2d4870-fe9a-48bc-94b6-1135c6645d14,61.0,Other,2025-10-09,280.89,33636.46,60.48
8f856cd5-f5d8-4a98-bb6c-8850a998a959,46.0,Female,2024-11-28,,,
95119e75-616e-4ea2-b690-c05a50c1086d,30.0,Female,2025-05-22,431.92,46737.11,32.9
22106b99-5f94-4e36-a0a3-133088c4b7a1,29.0,Female,,456.87,45375.41,35.8
3e2ba089-7015-42e8-b479-fcd7789ae50d,48.0,Other,2025-03-01,171.99,21704.12,37.84
7ec5474c-3b7d-4a98-994b-e33c15a709f8,63.0,Female,2024-01-11,796.86,77613.91,80.33
3f723dfc-2e6f-4dd5-9f79-acfacc8a248b,19.0,Other,2024-01-18,696.75,63877.22,26.56
6c8d967f-d3d4-4059-9daa-801f5d8f8a9b,68.0,Male,2024-08-29,228.56,28861.59,56.37
b204351c-0128-49d0-9c25-b7bf1322433f,67.0,,2024-08-23,91.56,7259.84,44.99
50c0369e-57f3-4b14-a30d-4b8f3283d997,52.0,Female,2025-03-23,683.69,69150.01,75.87
260aa535-9350-4621-bde1-ad4215921bdd,40.0,Other,2024-01-28,657.97,71600.46,53.71
273b51b1-7d54-4e44-ad7c-1dc1bba800f9,34.0,Female,2025-01-20,280.53,21884.24,27.48
f4c39b1d-16f7-4478-ade7-296def1cead2,43.0,Other,2025-08-18,951.35,98238.6,76.59
ea4f01a2-c631-4f94-bc92-68ad118cd072,,Other,2024-08-23,159.55,11791.82,
d628205c-3d4c-4812-8413-93fc4069f31e,46.0,Male,2024-05-18,438.01,42397.65,45.15
9c1b6e10-d769-41e6-8f2e-2cca5b786d6f,43.0,Other,2024-04-20,944.18,94893.41,72.12
57334393-ed25-44ad-8ee0-8e41aaa79ac3,,Other,2025-09-23,425.53,34288.27,
0f835054-699e-4801-a2f7-b5640d61842d,43.0,Female,2025-10-18,642.14,59922.73,58.93
ff5b705a-1f84-4919-bf33-307004880f78,51.0,Female,2024-05-30,403.62,46316.66,53.38
9e2d4d7d-49e3-4c98-8615-265c944703f0,68.0,Other,,281.47,31570.56,62.98
7bd3a1d6-7f9b-47bc-9a67-0b2435baa42c,58.0,Male,2024-07-06,,,
8e28e567-6ae0-4f77-87dd-0e463fc6b17f,24.0,Female,2025-06-12,415.24,41958.58,27.26
993b544a-0674-42d4-9b78-c5e9c51c5672,,Female,2025-05-11,895.16,88075.85,
bf8bc9ae-6f1c-4690-9e9a-ef4ec21ff53d,67.0,Male,2024-10-20,237.66,29467.39,59.61
2cf40e78-fb98-476c-9c73-4f7e09eb3319,62.0,Female,2025-10-11,220.97,19985.46,48.26
180ae861-613e-4a73-bf4b-10c011694bc6,28.0,Other,2024-05-14,40.82,3826.6,11.54
8daecf91-16f7-4e52-9137-a8ec709fa5cb,46.0,Other,2024-11-23,655.15,70870.08,57.62
179febc9-fc5a-4f17-ad87-c1704a92a183,53.0,Other,2024-01-22,374.84,32747.74,65.33
202700e4-8297-41a8-9c82-ec440ad3c38e,42.0,Female,2025-07-20,865.71,94346.18,66.61
9e73007b-2b76-4104-b12e-e77ae5b21d49,38.0,Female,2024-10-03,478.48,39521.67,36.17
a77b9ff9-b208-4ff0-a2d3-0c6b2361ece4,53.0,Female,2024-06-17,968.51,105154.39,82.15
a1ac360d-d2fb-4a2e-9f77-7ac006e5c19f,27.0,Female,2025-07-25,,,
3089c22f-6991-41a2-972b-0bf246c65b7f,54.0,Other,2024-05-28,869.94,85768.89,87.15
dd386382-560d-4b46-82e7-482c96dcea8a,26.0,Male,2024-04-28,778.83,68267.16,43.75
e1c6c446-21df-4ebf-9d4c-6b2e11e5e52b,41.0,Other,2025-01-07,773.21,74871.73,53.21
9a155daf-3efa-4474-b193-40f279c426ac,52.0,Female,,846.34,79383.42,79.71
791a0ac8-63c9-44d6-a501-b07f0e29b8b8,66.0,Other,2025-03-13,763.41,73110.89,78.23
d7ac5329-d4b3-4a90-884e-a670ca5538b6,52.0,Male,2025-06-24,629.96,61891.75,62.44
f65e7b4a-37fd-4991-9689-4eacaa94dcaf,65.0,Other,2024-03-05,139.93,17535.05,51.16
7c6012bb-57ff-40a3-9a48-4a016e551d69,,Male,2024-11-08,42.2,3845.74,
be8deff8-ca36-4c7b-bc69-9c222768ddf0,35.0,Female,2024-04-12,921.64,93778.25,66.23
f7abf051-8f5a-4e69-be17-62bc9b7a4b27,66.0,Other,2024-01-04,620.48,56136.66,74.45
42e5027e-8ffe-4cfd-956e-796cad21eee8,56.0,Other,2024-11-29,798.57,75320.85,75.75
6fae2675-28c8-40c3-9fd0-11745ddb2b53,49.0,Other,2025-03-22,486.71,57004.53,54.33
78e32f62-d005-460f-8e39-503e9ff138eb,41.0,Other,2025-07-09,126.14,7667.75,28.97
74b64794-3eae-4184-94a4-dd7808c78209,40.0,Female,2025-02-09,133.93,20416.98,28.13
e32c1e4f-0458-4693-bc4e-68aadf766a6b,49.0,,2024-12-05,688.71,67337.41,66.85
2f4aeca5-463e-4f12-aa44-d6ef95271f41,,Male,2025-09-06,436.0,42865.53,
05578fed-2aa4-49ff-89ec-6a13ef3e8078,29.0,Other,2025-07-11,208.52,25072.99,22.61
3bc93988-d87e-4bc8-b365-95561a167fb1,66.0,Female,2024-08-05,496.68,55384.23,73.84
9c39da87-51b5-410f-85ee-b47833c4e182,30.0,Male,2025-06-08,73.57,5443.74,6.85
25c28c3f-83ab-48d6-a0a9-ca25c0fe06ba,40.0,Male,2025-01-11,586.15,56181.95,50.88
3940ffa6-6d84-4bb4-8375-dbc5a09136fe,42.0,Male,2025-08-25,276.3,26334.25,39.23
e50e17eb-9be4-4674-b36f-67dbfaf8b408,52.0,Male,2025-02-11,799.58,81517.11,76.89
580046e6-1a7c-4fd8-9cc6-ad1a019d41c7,58.0,Male,2025-02-24,317.26,35235.68,51.14
935cc079-20c5-4fec-ac73-96745f8a9d94,47.0,Male,2024-08-28,460.67,45383.99,47.82
60378ac0-2245-45b7-abbd-f3306435bf8d,34.0,Female,2024-08-21,21.5,3797.12,13.17
38a3d6c2-eeba-4df5-a3d1-a8d25f21549e,66.0,Other,2025-08-05,81.72,15018.39,53.15
2d4e43a1-5670-466e-b758-155bb14d44b5,37.0,Male,2023-12-28,398.57,40954.3,43.32
e5abbaa0-5792-4ccd-9abc-b251b000681f,65.0,Female,2025-03-16,485.14,49409.51,67.97
b66109a2-085e-4ec5-a50b-9cab18495cd3,42.0,Female,2025-11-13,604.02,52345.85,58.04
925a5de5-f048-4037-a5c4-0fdc998931f6,39.0,Other,2025-02-10,298.75,15743.19,35.65
019b1899-adc4-432d-afea-ef2089dad9e0,30.0,Other,2024-03-24,698.03,71442.37,45.89
9f8a7e9b-3a10-48b9-8e90-6c9f918ad398,36.0,Male,2025-03-11,861.52,85652.02,59.65
a5befff5-a1dc-425e-a968-61f6c5971533,66.0,Other,2025-06-07,,,
01ac3926-da87-44a5-a07a-7fbbd2b8d1b8,53.0,Other,2023-12-15,49.22,4739.25,37.7
017d25b7-a67d-4cd1-b351-8a9543051857,29.0,Female,2024-06-13,485.7,47606.17,46.12
d748a7ae-35cd-4650-bf47-e4737b29e483,58.0,Female,2024-11-09,113.88,15735.92,40.0
cc4316af-a18c-4e13-aa16-8d2a7e3f5b9c,36.0,Female,2024-08-16,249.62,24331.26,32.19
a5e26cc9-6872-49aa-a380-902b433148bd,29.0,Male,2025-05-05,986.8,95131.52,57.57
ed5dd842-dcf9-4994-9b31-9f59a5d4954c,26.0,Male,2024-05-12,151.07,18829.78,10.44
110cc8c6-2f67-4d6c-aa72-30222cf0233b,24.0,Other,2024-08-09,503.9,48673.33,30.71
f3137315-52b9-44f4-b4ef-865176b39260,45.0,Other,2024-08-20,621.97,64398.47,58.04
1d2b8777-a6c5-4537-bb6d-9b0a8cbf07e6,,Male,2024-12-31,705.44,67866.97,
f53e4609-d1ce-4bc1-8ab1-4adb4dbd589e,48.0,Male,2024-06-15,564.05,52626.64,56.43
dccac8a0-202b-4698-97f4-cc8f5bb47c68,69.0,Female,2025-11-11,19.67,937.44,44.61
b856c0bc-e97f-4192-b37d-0390f2b5205a,36.0,Male,2025-10-27,333.2,32464.28,35.21
3dc1b382-3149-4055-9780-6aab344f4d4f,64.0,Male,2024-07-10,522.53,54052.65,60.55
26f8e95f-11e9-4501-ad3b-468ed455547d,33.0,Other,2024-07-10,96.99,7036.21,18.44
1876a6f0-3f4d-4686-b806-321084785cf0,22.0,,2025-08-04,357.12,25650.82,21.42
17f071c1-04cb-421b-8dbb-a70b77963613,52.0,Female,2025-11-23,42.87,711.98,38.74
27a0c6f6-dc4e-46c2-a783-007ae770f298,29.0,Male,2025-08-15,87.79,11412.96,19.37
122c2944-aee7-4e44-9bef-ae3635c5a628,42.0,Other,2025-07-15,402.95,38006.29,40.76
75820ef0-bcc2-406c-ac6a-d1cbaca31e02,,Male,2025-06-06,141.39,11662.65,
accab3f7-ba23-4dd8-82a4-0bef2d9e158d,38.0,Male,2025-07-15,571.87,61602.89,44.11
b592dc48-a0f7-4731-9d08-e6c77c20df0f,53.0,Female,2024-07-24,692.57,65385.38,63.15
c186f82f-c194-4c7c-ba6b-254d017029c3,40.0,Male,2025-03-06,802.58,72418.39,63.18
c9be0bd1-287c-403a-8c5d-3c7183507865,33.0,Female,2024-01-12,208.15,18880.38,18.18
cd6e273e-1063-4a69-83ce-72ee7dcd7853,56.0,Other,,175.81,13973.94,43.38
7969bc4f-8e4e-4044-a56d-736510394998,62.0,Other,2025-07-10,113.52,5229.17,43.19
e3c5141d-7c8b-45df-8502-fdf756baa654,59.0,Other,2025-09-20,640.07,62729.52,74.75
4faf788a-1e37-4227-9147-001ca1701a29,56.0,Other,2024-10-30,709.41,73115.27,81.59
98639f0c-b5a5-40b4-9521-93fbee83290b,31.0,Female,2024-11-03,41.27,2666.7,7.59
9eea2fb4-fbc2-49e3-8994-1c30a29030c0,48.0,Female,2025-05-09,936.85,95321.51,67.04
93a7e1bb-d114-4150-989e-335dbaeafece,22.0,Other,2023-12-12,61.45,13832.33,5.68
3e9b43ea-1851-4013-838f-67241d94bd26,52.0,Other,2024-10-28,545.88,52313.63,60.43
a0dac315-0c0e-43b6-90b6-1c7032b2db64,40.0,Other,2024-11-21,711.97,72309.82,58.12
0271f23e-d0c8-4c62-97ac-3faa28334b89,46.0,Female,2025-01-25,872.26,84672.25,68.83
fb69ed60-d142-4ce9-9c95-5e80df756574,60.0,,,716.95,67192.71,75.89
a2c05794-5e12-4e10-99e7-d2bfa9b338d8,28.0,Female,2024-01-31,,,
8cb47eb3-3cf6-4e59-8530-8ad5d43f5d65,35.0,Male,2024-08-03,346.06,31314.11,38.72
5f2d2494-42ad-4910-9a1a-1f4b8085f1cd,64.0,Other,2025-10-04,816.68,83363.64,76.11
538ba83b-9a71-451a-b698-d3bfb3d3b8ae,29.0,Female,2024-06-26,89.31,19343.82,12.74
68a49963-ee1e-4a8a-b6c8-472e5f77a1dd,26.0,Female,2025-02-15,895.87,86039.05,53.72
ec06a1f7-c79b-470a-ace7-7e6c1a32667f,27.0,Female,2024-03-22,552.12,52579.46,31.56
0aa4d1f1-5844-4e3b-8ff7-b77b36ff597c,61.0,Male,2025-08-23,819.12,81498.78,91.72
feffede7-0a17-4b6c-8404-406d7d25224a,34.0,Other,2025-08-21,457.8,47049.98,35.04
139810b9-3725-42c7-9afa-43c74dd7bc05,55.0,Female,2025-01-09,647.14,65643.13,68.23
280aaccb-00c5-49e7-9b80-fc1317f3a503,24.0,Other,2023-12-11,531.14,58949.56,34.93
163dde26-ff3d-4ebf-aa4b-8901313b2923,63.0,Female,2025-03-28,,,
bbfba409-119b-40c1-94aa-390241fafa00,30.0,Other,2024-08-25,90.81,-4183.67,6.41
c7dcd2c2-1788-478b-a17b-bef5b891930b,57.0,Male,2024-08-04,69.75,3129.95,38.9
1b5187d1-8ed9-4a54-9bc8-1b38fe9773f0,59.0,Female,2025-04-13,254.63,29896.69,57.55
fcf9179d-6d59-4b7d-9764-99122f4ccd27,26.0,Female,2024-12-10,167.95,7767.27,13.96
7b4d7f9a-4f68-4d45-8269-7339e76fb8f6,67.0,Male,2025-06-03,873.07,72262.52,87.46
dcc50ada-eec5-48e4-942a-ab0a567adcdc,44.0,Other,2025-01-14,227.02,24458.36,40.92
a87cac0f-1715-4e15-8a7b-b9ffeff0098b,19.0,Female,2024-10-31,976.11,98997.33,48.22
1640b2cf-6d14-437f-9918-3e3b4f61ffdc,22.0,Male,2025-04-24,343.53,27999.58,18.1
1b077969-f734-44f9-a03f-f3891bd3c8c1,46.0,Female,2024-09-01,190.3,12940.63,37.13
9b129e86-770f-4588-bb83-adf21c0d4ace,54.0,Female,,791.8,74187.44,78.67
25556f9a-245f-4c11-a554-fcad104fa6ca,55.0,Female,2025-11-24,662.12,66401.4,81.11
23b4d995-95d1-478e-9f06-341043e29a66,36.0,Other,2024-11-03,503.21,46557.25,46.63
59fb3d4d-9c3e-4471-b46a-e2183ca1411d,25.0,Male,2024-06-06,559.81,57914.92,40.38
42a7f04b-1677-4086-af45-ab7fe77c7b9d,65.0,Male,2025-05-12,722.01,57665.93,79.52
2610d3a0-1b94-43d7-b7e1-323d420c8bd8,62.0,Male,2023-12-30,236.17,18248.69,49.27
6a81e4ad-7754-4a96-9950-fd6789063baa,18.0,Male,2025-07-18,996.37,94209.06,50.23
afcc36ef-9dea-4327-80a9-abeaea4359a0,39.0,Female,2025-05-11,975.05,96389.55,69.96
65c6bf79-81d1-4879-a5e8-6bef76a31c2f,69.0,,2024-12-20,653.82,62314.44,77.11
79a22bad-bda6-403d-ab48-4c24f7954967,34.0,Male,2025-10-19,207.55,23611.74,24.62
bd1a208e-3765-4ff4-90cd-84b1e6ac5b76,24.0,Other,2024-02-14,683.43,58719.1,41.89
5dd6983c-52e5-4bd3-be88-8c6092e4091d,42.0,Male,2025-11-12,81.48,7029.65,28.73
c9883865-d5a5-4544-ac4f-f9703387b001,62.0,Male,2024-02-12,40.35,5411.27,46.97
033407c5-f561-4ccf-97e8-541293fd3e39,21.0,Female,2024-12-15,265.11,34759.16,17.13
4dae40ed-ee01-463b-8ed1-08feb6cc2674,,Female,2025-11-22,468.0,43699.41,
9877f150-5838-4969-99f2-6ef39c87b3b6,23.0,Female,2024-09-30,869.59,88569.09,45.81
eb535784-2634-4d44-ab6c-e0311ef63b2f,48.0,Other,2024-09-04,729.9,63722.1,59.79
f5bed325-e0c7-464f-b31f-833c08055b00,36.0,Female,2025-04-18,745.28,62345.66,63.72
84e79c89-de7d-4119-9f34-eed4f55cba10,61.0,Female,2025-09-29,431.24,46593.91,63.41
a802c123-a98b-4c3e-8bab-bb50cd8f378a,56.0,Male,2025-06-01,352.48,34332.96,53.31
fc8bb3c9-a99a-4fa2-b17f-bb8cfd7a4aaa,44.0,Male,2024-02-05,377.33,42780.38,39.29
6cd34431-e7d5-41fc-9a3d-42b85935418d,27.0,Female,2024-10-21,987.77,92097.76,72.98
77bc44a2-0b5a-4b7a-875b-ce8b552d50aa,43.0,Female,2024-01-15,49.71,6170.94,20.93
af246bea-5bf6-4c1e-a1aa-bfedf41abaa2,36.0,Other,2025-05-04,868.36,96165.8,58.91
b245055a-0bce-4007-a769-2fd9286821a4,56.0,Other,,582.89,59890.18,68.23
02124fc4-9e6b-43cf-9572-ff0dbd424cd5,20.0,Male,,444.23,45073.93,26.81
c69f531b-286f-4a2a-9dcb-376ece8bc865,62.0,Other,2024-03-25,728.01,72592.0,84.2
f7a84980-bd10-49e7-a70c-f9f164cd5fe3,30.0,Female,2024-10-06,491.8,40674.11,45.07
0404766b-7edf-4050-8218-84d7936fd3f3,67.0,Female,2023-12-04,874.69,94243.29,94.3
d21fb1f5-79b6-4141-9f7e-42898c83c309,45.0,Male,2025-09-30,901.69,87156.82,66.3
1b2a17ba-f07d-411d-adca-8947f03f1fab,37.0,Female,2025-01-12,427.5,44512.13,38.34
a0b68ff2-91ed-4ca4-b9ca-ce51ae20bc03,45.0,Female,2024-04-24,284.06,19587.81,41.71
d4bb3162-bb3c-4fda-9671-ccd9deb9adbd,25.0,Female,2024-06-26,,,
354af4f9-e06d-4f20-9571-44e9f502ab75,58.0,Female,2025-03-21,913.24,98561.09,77.92
9f28d56a-fd8d-40d0-96d9-ce3dcc5ed657,56.0,Other,2025-04-11,218.56,19005.64,53.64
1a7fc22d-4716-4df5-bd42-47503c41de58,18.0,Other,2024-11-22,626.74,69517.23,32.02
13ba215c-c84f-4140-9502-b67c57281e6a,20.0,Other,2025-01-19,635.24,62724.08,37.71
dd19a63a-d60d-4893-9eab-5133db30cc06,30.0,Other,2025-11-26,735.78,64129.88,47.92
4a6dad50-85fe-4332-a74b-62c1e8513741,45.0,Other,2024-03-16,140.25,17238.97,28.65
12adbe39-7e93-4d23-8401-0acea51d3bf5,66.0,Male,2025-07-20,718.67,68649.95,86.61
ddd09421-c311-4d9a-a772-973ad6d8cf6a,42.0,Female,2025-04-16,909.94,94543.52,72.33
fcd00886-dc4b-4319-b9a0-5c1ac9730d2d,50.0,Male,,187.89,17749.31,45.04
23121f93-c85b-49de-954c-f05c9d241462,55.0,Female,2024-10-21,245.17,15732.59,47.93
6e749462-f30a-4bc3-bb35-31091b6826ce,23.0,Female,2024-06-26,971.68,98150.02,50.57
68b3cb67-1b01-427f-abec-e044fcfbade1,61.0,Female,,189.17,28734.53,43.24
82c8d25f-8122-48d0-95d7-323679227ba3,62.0,Male,2025-04-23,,,
d7cbc6ca-8f13-4dda-8d21-c8a39a1f14d2,49.0,Female,2024-11-11,497.36,48806.33,57.06
5178cde9-e460-4c63-8c2f-9b089b40ad97,62.0,,2024-08-12,254.76,29800.12,50.52
46a57405-30a9-4722-8c15-236a2261027f,,Other,2025-02-14,872.04,88249.28,
dbe2e1ac-6204-41e2-93dd-72755292c34c,38.0,Other,2025-07-02,450.85,45411.89,39.46
1fdea4c8-e877-4f89-9150-7bf3a4316742,33.0,Female,2024-04-11,519.67,45904.55,32.97
77eded4e-930f-4642-92f7-1f76b86eb2e5,38.0,Other,2024-04-06,365.64,36868.27,33.37
03c90905-fa00-4b8b-8f6e-6f13456c3d38,28.0,Male,2025-04-11,597.02,64405.78,33.75
d17db8d2-100e-424e-b474-f8ba7754b969,54.0,Female,2024-11-10,171.89,11815.87,41.23
7bf4341d-b387-4b62-aa33-b9ef948e1cee,53.0,Male,2024-08-07,397.17,46027.86,50.07
a8cfba7f-a5d9-4da6-bfc0-9cb6743ed7ac,52.0,Other,2024-11-10,969.72,96670.7,73.76
5bad8a4e-527e-43cc-bcf0-d4313f193bec,36.0,Other,2024-06-05,265.55,21081.82,40.52
fae037ef-1f19-4895-ac83-be8f751f7dcb,37.0,,2023-12-25,660.17,70638.58,57.72
e4fe3832-ef50-472d-84f9-ba56e6942fc5,35.0,Female,2024-11-08,331.94,30838.04,28.91
01f5155c-33b8-4594-aefb-38a0b0d733bf,64.0,Other,2024-08-28,775.74,81200.56,85.16
1159a665-1587-4c74-93d7-84e0f3adaf9d,58.0,Other,2024-10-11,139.56,11249.68,47.66
8000acdc-69c4-4971-9fc1-2eaea6a625b6,66.0,Other,2024-07-18,970.12,96870.78,101.6
c2da8cab-3fff-4a2a-a38e-a9cf3582d1ac,31.0,Male,2025-07-07,459.25,47686.24,31.26
dd64b173-6f90-4f14-81dc-0303dfd6df9f,32.0,Male,,243.69,24752.16,30.83
aca153fb-0367-461b-b177-b84062c44a39,48.0,Other,2025-11-28,82.76,-3045.3,30.14
f14aa6cb-d0e9-4a4d-8684-7d23aa8db1cd,18.0,Female,2023-12-05,178.06,11017.4,1.63
84b669a7-aee5-4106-91ab-b292eb797df0,20.0,Male,2024-03-13,524.58,56509.03,31.51
28701b62-f05e-410c-8c05-ec1556d6ffd1,33.0,Female,2024-10-20,343.63,32800.1,37.89
739861a8-bdd4-43c6-9ca1-ce43042ba44f,40.0,Male,2024-02-04,830.59,80362.14,76.0
8123e519-87e7-4db8-9236-98c339c3ba46,28.0,Male,,436.58,36120.2,25.26
67dd6350-9a1e-4fa0-aecb-c94eaa2cc269,29.0,Female,2025-08-18,256.23,19174.21,26.57
214a95eb-0d35-4659-be76-f9429befeb86,27.0,Female,2024-02-16,620.97,51555.1,37.61
4e136b46-92b8-43bf-9528-c2016cdcc873,49.0,Female,2025-10-01,709.71,70181.85,69.65
45ea30e3-f8b8-4df0-9ee3-dc63fd9b7cd3,33.0,Male,2023-12-27,175.37,13357.88,15.53
be66d35b-6397-4007-be29-8b2aa2c0fdba,,Female,2024-02-28,175.94,11575.09,
3298b631-1de2-49af-a755-61ad1cbcff78,55.0,Female,2024-06-02,46.3,2884.04,34.01
1321c6e0-3150-4966-8e4e-8f2893f18fcf,29.0,Female,2024-05-26,739.04,75490.74,48.01
e63e04f3-c53e-4c00-987e-592082f0dfba,41.0,Female,2024-04-21,667.17,76828.26,52.52
5f220db0-4f47-4380-9ea7-34bffcb0b1c7,45.0,Female,2024-08-28,479.88,39756.93,53.42
bff3ca43-e730-4d6b-b047-babc5db406a2,25.0,Female,2025-01-10,845.73,90317.33,54.26
68500ea8-e30c-43af-9e84-3c7aac7297db,45.0,Female,2023-12-09,807.61,85509.42,69.79
93125e14-816f-40f4-ad8d-611050ce3aa1,53.0,Male,2025-10-17,589.5,54568.37,71.64
29406785-0560-4a4d-84cf-cbb12906b078,43.0,Female,2024-02-25,869.59,87962.97,70.06
5f4b194f-92a7-411e-b0dd-83cd2dc7b9b8,25.0,Male,2024-01-15,213.78,17967.89,10.91
e2a00ad2-82e8-4aab-a10f-d9a7fd59bcdb,67.0,Other,2024-06-08,120.8,11729.17,60.26
c180749a-bdae-4614-8ae0-7174cff4ab98,45.0,Other,2024-03-30,277.05,34235.78,36.79
7324e05d-0420-460e-af5e-5fd08387d0b0,45.0,,2024-03-31,66.52,8308.9,33.66
f9616698-03bb-4a53-a1ff-174c5ecdbfc7,54.0,Female,2025-02-08,535.86,55552.11,69.67
5687345f-4ba6-4651-b230-c0042260d535,58.0,Male,2024-11-19,937.24,91674.72,88.41
35b626ca-7e56-4ea2-92f3-008314fd4df6,53.0,Other,2024-01-14,48.95,-3926.14,28.58
5727ed10-5e7f-4160-9501-9e340054bc20,44.0,Male,2025-05-17,130.89,10784.46,26.81
26fc5505-81de-466d-a667-3e00b5d76e62,34.0,Other,2025-05-05,457.68,51091.82,44.83
06b52c04-cf98-4c83-8fe6-2c2ef5d9cbc2,26.0,Male,2024-01-09,934.54,85915.86,53.77
8ef52d5c-7920-43dc-b33e-a08fd91ce91d,50.0,Male,2024-12-25,322.99,26086.41,47.45
da0b636d-4982-47e9-8a23-dd3c45b5632e,37.0,Male,2024-06-18,512.16,51230.31,47.72
50cfd407-78b3-4c57-82b2-0f9870c47a24,30.0,Male,2025-02-15,51.16,-1204.39,17.11
c7c6760d-2137-46f3-bbe0-a0abeb9db39f,45.0,Male,2024-08-22,156.86,10505.13,35.1
4d1d17b5-2133-40cd-a34f-ea2dac7f1f4d,65.0,Other,2024-11-14,986.76,96744.07,94.47
5899e80f-2ea4-492b-9bf3-f8ecd3f4a9d0,46.0,,2024-09-08,965.47,89868.95,74.24
c8f6c01d-c5a7-42c8-9bae-140dd77d863d,30.0,Male,2025-03-09,,,
5dfd020b-593f-494c-8f98-f7f0ea3b7617,63.0,Male,2025-01-24,952.29,98873.88,94.56
e80368e0-c237-4b42-ae6a-4f3893e47fd9,52.0,Female,2024-02-04,642.73,57340.06,63.99
ede2a8e6-670d-46c8-a9c8-52e80dcc93eb,23.0,Other,2024-02-09,869.24,78921.84,53.77
72f65a9e-7745-441d-80e3-98484cb93ba5,35.0,Male,2024-06-16,460.19,42163.9,38.68
322d55ec-dd66-4f99-a25b-5df5f5d9e56d,68.0,Other,2025-06-01,520.44,55100.76,70.48
ac0c6c93-37f6-4207-b553-41646bd7208d,22.0,Male,2025-09-27,493.96,47763.56,24.5
937acd85-4330-4c49-b4e0-20002ec0f4de,64.0,Female,2025-02-13,670.2,64347.49,73.54
89da5e02-805d-47e2-b4e6-e231d75006b0,,Other,2024-10-22,148.25,13813.97,
06a69b2c-c7e7-4307-b9a6-9fbbd9a6e034,19.0,Female,2025-11-23,39.67,-6178.1,8.42
63a33e70-6f61-44ce-8220-a12e8ef3ca41,27.0,Female,2025-02-21,,,
26f91c82-22c2-4c2a-a5b0-6dab34599350,47.0,Male,2024-01-26,707.63,72393.91,64.61
ef48103a-8b2f-4141-8301-395354242791,67.0,Other,2025-02-15,209.83,17807.83,54.68
66b36b74-03f3-4eb0-b222-1391944c8e6c,62.0,Other,,676.7,72361.02,75.5
993a26a5-5c14-44b4-9d72-04a96482e103,22.0,Other,2024-02-05,970.21,91541.58,44.96
54313e91-99c1-4897-a459-2ccff101e68a,50.0,Other,2024-05-11,102.96,14626.08,34.76
7a179331-9d0d-4b37-8ee8-fb3e7dce72fb,18.0,Male,2025-05-31,675.88,68020.48,32.66
7c99e42b-b1d8-4528-b086-49f85c6e064d,35.0,Male,,449.31,42524.85,41.47
bc2d17b6-d1a4-4104-b46a-35db2f24b5e7,49.0,,2024-01-09,869.46,86834.21,74.98
e2c990db-db38-4d54-96d8-0f5798fed72c,64.0,Male,2024-05-21,185.38,16831.68,47.79
e44f036c-8238-4efd-b6be-b28de5fa5d74,66.0,Other,2025-10-14,695.7,75364.96,87.11
2bf96f83-ad8e-45c8-8756-978b44775b41,28.0,Male,,839.73,78526.87,52.81
ba6b217e-b74f-4822-beda-a4dca2f91dc9,38.0,Female,2024-04-28,945.17,90820.09,67.92
41ae064a-9232-4f83-a909-02b348116704,43.0,Other,2024-01-06,686.42,73501.36,58.62
c048fa6e-4311-48a0-8531-19bf0f714d0f,42.0,Other,2025-08-13,502.2,46608.44,45.73
2d4a80ce-3150-4c75-9cf4-0b3d966824bd,39.0,Female,2024-12-30,621.67,66237.94,52.54
50b86353-8eb6-4d91-8edc-4135bdc3f255,44.0,Female,2025-04-21,870.22,95508.04,71.37
4a3a0a58-65aa-4871-8faa-4ec9cddf1fa6,66.0,Other,2024-01-19,574.9,54970.16,66.81
1d4aee55-6f93-4b7c-9053-f044bb0a72ec,30.0,Male,2025-07-07,40.08,5998.94,10.37
0e7d514e-7217-4ccc-8a49-e89a6e447e28,50.0,Male,2024-10-08,931.64,87488.33,76.73
1f47841f-3b8d-4fab-8dfa-b28823f4202f,51.0,Other,2024-09-08,692.63,72725.02,68.11
8d97561c-dc54-430b-a1b5-94faf436e4bc,58.0,Other,2024-09-13,679.75,68638.68,79.0
100c91b5-0849-48f9-8087-82401aaac437,52.0,Other,2025-09-26,223.52,23611.73,40.1
9bb74373-c9d1-4a8c-9983-ca74c1639a03,18.0,Male,2024-08-26,662.3,62639.17,30.44
b6583312-5439-4f3e-a4fa-b1162182a5b5,38.0,Male,2024-02-11,399.93,30880.64,36.64
f9adc4dd-7f46-437c-a84c-977457ba47b1,65.0,Other,2023-12-16,654.72,67612.46,74.62
e14f588f-d3da-4bd3-bb78-7693c649125f,23.0,Female,2024-04-17,115.53,-52.21,8.3
ed20fe73-0780-42cd-ad96-560809754713,45.0,,,661.27,64175.53,63.21
46127ba9-4f6d-4c28-ae71-940bd485ca3f,34.0,Other,2024-07-13,,,
179cb43a-6446-4ae7-a5e8-5481a2bcea33,22.0,Male,2024-10-24,57.73,5346.49,8.25
634ba452-2894-4895-b839-6558c5ad90a5,48.0,Other,2025-10-13,977.4,107651.94,69.86
b4bc821b-0379-4f66-bfa6-06d167096b3f,22.0,Male,2025-08-24,412.84,45624.45,21.36
f3eccb76-ca74-401c-8a0b-07acb8f12832,55.0,Female,2024-09-04,872.05,83927.47,78.23
13470ac1-78ee-476d-9ed6-525f06c299bf,20.0,Other,2025-10-14,784.56,78436.48,49.49
0c8820ee-f878-4aef-8a36-e47639451be0,40.0,Female,2024-08-22,571.35,56381.27,48.5
12c3c1eb-856f-433d-9bed-4f08e50e608c,54.0,Other,2024-01-16,741.06,65965.42,61.23
176e73ad-510a-4698-891c-dadd8a397af6,54.0,Female,2024-12-02,879.73,83275.96,69.29
2656dd1f-6325-43b3-bedc-c238ff8d739c,27.0,Male,2025-04-15,,,
c1ecc43b-851d-4125-8c53-6678c9416279,27.0,Other,2024-09-12,333.76,22275.98,28.12
901541db-2a3f-4aef-af85-d9c68f8d12a6,36.0,Other,2025-08-24,670.92,66981.08,52.9
11bf854f-7f24-43a2-9119-9a1b3eefa340,34.0,Female,2024-11-26,809.77,79618.21,56.96
86bbfa3b-fde3-4d08-82c4-65f01dcefd96,38.0,Male,2025-02-25,764.66,67911.77,63.56
74034f34-41ad-4560-b649-5a94e1f0fb90,31.0,Female,2024-09-27,799.84,81874.83,49.97
ca389f0d-9bc7-40f0-b6c4-8320f992a319,26.0,Female,2025-01-17,441.23,46965.31,34.01
46fcd2ef-f843-4bad-8ab3-75fad1f8f294,63.0,Male,2024-01-29,819.66,83004.48,76.89
61259a77-b348-464f-b258-71c38dd4f8f5,18.0,Female,,129.01,10015.28,1.29
4cdf823a-fcb8-46d3-8b86-4cb0452f6b18,68.0,Female,2024-12-31,549.04,57306.58,67.16
9c077bfd-7802-45c8-abc2-b5b42c839ccf,62.0,Other,2024-12-06,15.7,3513.98,41.82
ce55dd33-a5b1-4bf6-9856-e75c673edb25,30.0,Female,2024-05-12,331.34,33748.01,27.64
069b1b64-43e5-46a5-97bb-fbdcd84d1f19,21.0,Other,2025-07-30,372.8,32304.09,21.73
0ec8cfd1-c056-4f9b-81ff-8b4b100f6b98,18.0,Male,2024-06-02,402.21,40800.92,20.02
7ba1ff9e-eafa-4125-90ba-f3afd91867e1,66.0,Female,2024-01-23,698.51,75526.7,77.2
2829b10e-8e89-4b9e-bdc0-69a9f088afe3,57.0,Male,2024-04-05,394.67,35668.01,56.61
cde2e4c7-476f-480d-a73c-7d546c0aa322,49.0,Other,2024-06-07,454.21,55195.6,45.26
5ce0e55f-3393-4e31-8268-137129ae8ab3,,Other,2025-09-29,,,
17939c31-590e-4c7a-b829-51f0a2b80ee5,45.0,Other,2024-06-09,379.52,37272.55,43.51
fd98f2b5-c8de-4310-971c-88dad067b330,,Female,2024-03-08,235.0,19051.54,
6d872fbc-479c-409b-b0f2-e37c45165022,25.0,Other,2025-01-29,82.46,8018.2,18.26
d97de2b7-cb3f-455e-b6d2-3e1b363b8d61,56.0,Other,2024-04-11,607.41,51574.04,61.19
2f5ec902-48df-4d1c-977b-c24bf0cedc51,43.0,Female,2024-04-09,671.53,64075.44,52.28
518fb863-4729-4096-a399-1ee806f67e50,51.0,Female,2025-10-17,623.3,56440.43,57.82
2e871ee0-609b-45c7-abed-de1e8450ffc4,,Female,,468.86,46872.39,
44dc933f-b6a3-4cd3-8a9e-4a33b8530e4a,67.0,Other,2024-06-03,385.99,42740.7,69.08
2e66d60f-ac20-4414-9437-835df48b6d1a,29.0,,2024-09-29,864.7,89679.55,57.71
2efb87f3-ef23-4229-8664-2a7882500339,18.0,Female,2025-11-25,523.89,39933.52,38.76
a6914283-2a5f-45bb-bdeb-18d448d61a38,61.0,Female,2024-03-27,484.39,57985.32,54.8
2be22908-4d2a-4672-9448-80a605dbb3ca,22.0,Male,2025-05-12,35.39,3591.6,8.02
3d5a4ba3-7c57-4e96-80c3-90e8515ac914,47.0,Male,2025-06-17,347.84,30006.42,42.59
655fd690-448c-4fd5-bfe1-785ec592d5a8,47.0,Female,2024-09-23,386.39,38594.78,44.4
381a849d-fcbe-4d2d-aae6-ffd7cd4fc79e,34.0,Female,2024-08-12,404.83,40565.3,32.43
4badf12e-7be3-4541-a13b-aef0cd1521b7,65.0,Male,2025-04-09,584.37,54607.91,70.51
4aefb657-3800-4059-9f7b-9bc048d5b907,64.0,Female,2024-05-16,538.27,54243.73,80.15
81c2843f-6b46-43a4-a0d8-977da9749a7c,40.0,Other,2024-02-08,611.83,57697.26,56.15
6295a31c-47c5-4f9b-9305-dea58f2b210f,32.0,,2025-05-29,767.23,74515.78,52.11
a69a1355-22be-42cc-b55a-27dc455818ec,54.0,Other,2025-03-15,814.86,77949.79,82.74
093a6aea-af18-41f4-a00f-f6a8eff46c8c,38.0,Female,2025-03-26,720.94,64666.9,47.96
d8c53378-cc9e-4fcf-87c8-ea64bcb47f47,31.0,Female,2025-08-09,,,
d066e6ad-3e56-48e3-abc9-65bb49a2cfc4,19.0,Male,2024-03-27,28.05,4295.27,-9.23
f28817f6-2f01-4896-9fe5-fa48b9b0fa2a,28.0,Female,2024-10-16,203.82,21817.62,15.93
87c838ba-b5d8-4be6-9a45-fcf95403e7ca,,Female,2025-01-10,17.49,4394.53,
da826c9c-7bc0-4f7b-8fb3-24495999e2a1,56.0,Male,2025-07-22,651.0,66339.61,70.13
9c3d18bd-cd5b-49cb-ae2e-4febb3c439dc,55.0,Female,2024-09-08,899.05,87279.02,81.99
58ef5826-2356-4cba-b2c4-0f4d3f7796ba,51.0,Male,2025-01-26,251.05,28244.45,37.32
a2af2000-a8f9-41f2-9e39-4dc2bc546bc6,55.0,Female,2024-10-27,927.76,86074.64,86.72
6125c1f4-2e89-4b27-aa0f-9e6f8f77c9bc,67.0,Female,2024-09-12,69.66,1096.83,52.04
1bd1b4f8-4666-4491-8b13-4d51cc85a0b6,51.0,Female,2024-07-31,935.09,88786.63,82.82
06513d7d-c494-4931-8bce-a18657938c78,35.0,,2025-01-28,358.11,40333.57,24.67
ceb177e0-ff9e-478d-93cc-7825f2ccfc5f,47.0,Other,2024-12-02,110.41,14458.09,34.86
60a4ba3b-60a0-4045-b08c-b95e9b2a224b,32.0,Other,2024-05-20,491.01,50884.7,32.01
edec6337-3427-41a6-b274-4eb16ccc055a,44.0,Female,2025-09-25,264.21,30744.05,36.2
b66231cf-893a-4661-9b64-d1065f7794d5,68.0,Other,2025-08-06,292.02,23816.04,65.8
fe670c63-79ae-408b-a6b5-1ac3cc9f9d43,51.0,Male,2025-07-10,314.22,32213.0,48.04
fa3c1fd4-ba29-4eae-9360-d6f200debaa5,69.0,Other,2023-12-04,805.0,79752.63,85.93
71c1b125-aba8-4c49-acfb-5622fd4987b4,55.0,,2024-06-13,543.77,58047.87,63.21
931ae85c-ffb5-4a7c-ba59-339138391f40,50.0,Male,2024-09-18,318.19,30297.62,39.15
f5d3ca8c-f200-465f-83dc-3858949f04f5,41.0,Male,2024-12-20,614.23,59053.97,58.79
ce3bfc9b-6fce-45ce-b367-08c8d90b57a4,32.0,Other,2024-09-05,718.99,74336.5,48.52
76b141ff-a0ad-4554-a48a-0283c2c2e0fe,47.0,Female,2025-03-09,279.9,31360.79,47.51
e98b0236-5ec7-4c77-a3ec-7b8b0e5da3f3,59.0,Female,2024-09-10,419.41,37825.29,58.15
0a2de0a8-5a80-4daf-b572-275bbacb8299,68.0,Other,2025-06-22,130.67,11499.05,52.3
108b5a27-e58d-43e6-b9d6-e75bc5384185,34.0,Male,2025-11-08,189.34,12478.5,20.75
cd8e503b-47a3-4a81-9240-4a2c67c5329f,22.0,Other,,684.31,55614.97,42.36
15ebedbc-977c-4b8e-a1b8-c49b0f468bee,46.0,Female,2024-08-19,189.62,18801.48,32.8
e63aea6e-4d95-4033-b66b-3b0e894a858c,21.0,Other,2025-07-26,529.91,55448.53,32.37
5974c787-20bf-40f1-92d8-8c1748420e43,27.0,Other,2024-08-13,711.96,72227.39,42.37
194b1554-cab3-4dcc-9c3f-57a92c007ffd,34.0,Female,2025-10-08,115.81,545.47,10.95
40b4eb8d-b779-45cc-96f8-de96a79cf693,,Female,2024-05-05,571.64,54893.37,
899c500f-5c10-46be-b832-10489fa94994,34.0,Male,2024-12-21,264.0,14271.3,22.47
64c2d597-61b6-4a75-93af-83b9c3152e6b,37.0,Male,2024-10-19,963.3,103324.87,67.04
041bd593-e964-4f5a-806c-b2c462ae4fe4,41.0,Female,2025-09-10,488.71,42784.01,40.7
caecbb27-cba7-4b8a-9c24-0dee2a40e7f8,22.0,Male,2025-04-04,807.93,86953.47,48.89
260a6eb7-f559-42d1-b1d8-35420666cd3c,51.0,Female,2023-12-22,554.72,59656.33,59.36
fa1586f2-adb0-4bb5-8c8a-c6a9fd015e7b,23.0,Other,2024-07-04,52.98,-598.99,5.97
ecce1666-7e21-469e-96cb-7c0a1eca909a,19.0,Male,2024-02-04,636.82,57611.99,35.9
6800ec44-3c65-4bb2-aaca-b4cadc58a795,30.0,Female,2024-08-26,951.89,97067.91,64.24
cc55d1a5-ae7d-4519-85ab-dc6264e0aee2,60.0,Other,2025-09-23,605.6,55879.46,71.13
93a217f4-abfc-4b8b-bd19-13442b1477be,60.0,Other,2025-08-21,821.0,82518.0,78.32
1c9f9740-7812-4697-bec5-13bec171f22c,65.0,Female,2025-06-10,885.36,86136.34,81.48
d99bfbd3-5eac-4076-933c-36a4569c5aa4,28.0,Female,2024-04-25,235.8,13589.53,17.62
acf3979e-203f-46e6-bf4c-7429ebfd8c47,68.0,Other,2025-08-09,219.92,9728.11,56.37
4adfce56-1fa0-4bbb-91b6-b257c998351b,64.0,Other,2024-04-23,614.87,62177.19,76.16
d0ef75dd-199d-4182-8a12-df94d1f72885,40.0,Female,2024-01-16,416.92,38106.02,40.3
0fcadd5e-5a05-4064-b951-5bd3a3578747,33.0,Female,2025-07-05,841.46,81320.75,60.19
bb59cd97-b542-47b4-9779-6bb690a1eb01,48.0,Other,2024-08-18,,,
df1759f5-d155-4657-b53b-3baadbac1125,28.0,Other,2025-11-27,359.89,40981.51,27.08
1dfcaa95-fadf-4505-b0b3-c6b2777f8e72,33.0,Female,2024-04-17,244.5,22017.32,32.32
18e75b68-e4a9-49e7-9b47-5740aedbe187,25.0,Female,,782.72,76409.8,47.63
d2d37906-7cb8-4bb5-97f1-6fbac380323a,21.0,Other,2024-01-01,282.06,29700.32,16.24
3641cced-06c0-4c34-8cc1-69b7d7fb1019,57.0,Female,2024-06-07,,,
a5d737dd-e255-4f70-aa56-ce6360ea8ff9,21.0,Female,2024-08-01,429.5,43308.86,20.87
266255ed-099f-4bd0-bf5b-aea716aaa1fa,42.0,Female,2025-07-13,670.87,69497.96,52.65
2ea2fce2-1086-4b6f-9653-e3f670c35201,20.0,Female,2025-06-07,104.58,12552.43,3.83
124c4dd8-5a09-4592-8e08-f0cf305ea25a,49.0,Male,2025-06-13,627.62,52656.58,65.34
30eb18ac-6958-4455-acef-fdd019aef63e,20.0,Male,2025-06-11,,,
5c93e4f4-0963-49c5-89ab-b04b53777584,44.0,Other,2024-04-16,590.74,54198.62,48.04
454f57bd-d7a9-4688-a6d9-c9f56cf7b8c8,46.0,Male,2025-09-15,176.33,16947.12,44.52
bd137d90-5d6f-4749-bb2e-7500a4e9548d,49.0,Female,2025-02-25,739.51,76122.4,68.85
8ee2f2de-4a10-45dd-b4bd-4752108b7674,67.0,Male,2024-08-11,864.17,93879.18,84.2
5d9e585a-64b2-410a-ade7-4b200d2e45ee,68.0,Other,2024-11-13,224.57,18878.49,57.49
953b8ff9-de00-4240-afa1-39753dd046a3,36.0,Other,2024-07-23,104.76,6681.72,22.79
4072a6d5-efff-4c64-bd66-ff5f1d93d641,38.0,Other,2024-03-28,33.4,7661.19,29.09
ffeaba27-23d1-427e-aff0-29fd80910612,22.0,Male,2025-02-22,645.55,65646.57,30.46
33ecd892-ca94-48fa-9364-b165b752e592,,Male,2025-05-14,611.02,66990.51,
09a89966-5917-4452-97c0-8f3b1ddf3aa2,,Male,2025-03-26,551.23,56015.72,
fd7cc941-8dd4-4c89-980a-9f21f6a69580,59.0,,2024-10-26,,,
a02a9712-d6ca-40f4-9435-79e8d2c362c5,39.0,Female,2023-12-06,397.0,32222.46,38.64
144bf15f-fab8-42bb-b74c-80ecbcc5b0a7,38.0,Female,2023-12-23,598.53,51624.56,44.12
217fc3ab-1f06-4965-914f-bf3d8edd8be3,23.0,Other,2023-12-04,501.8,52855.7,28.66
0024d6d7-bc59-48d5-8bd9-5d78cb603367,18.0,Other,2024-08-01,987.91,104921.99,49.31
3fe8f6d0-ad18-4652-a8dd-f556897525f3,22.0,Other,2024-01-17,145.08,22516.62,13.85
ba2c2241-8b72-4458-85ae-2f671924b36d,58.0,Other,2025-02-06,698.19,73732.29,79.42
f6fa9d50-b047-45f8-b13b-10f663bccf99,29.0,Female,2025-01-15,410.28,46052.76,27.16
6a105d55-f86e-4b62-a68a-4d4976eb970d,,Male,2025-10-04,433.92,39742.49,
67fc5c4a-1df7-4d4c-b9fa-620877197b4b,63.0,Male,2024-04-24,720.42,65995.3,79.9
40b43b6e-f7c3-4299-bf31-b140db432af5,51.0,Female,2024-02-27,695.51,73494.62,68.44
0d2506dc-82c4-41ae-a1d1-4f4dbc74954d,66.0,Male,2023-12-10,991.34,101416.22,97.97
827f8ef7-1ed7-4793-9277-6d9952a4fab4,31.0,Female,2024-06-20,137.11,12996.55,17.34
af74e8b6-4c6d-4fc9-b938-0a068d7fd1d2,43.0,Male,2023-12-08,113.07,11951.5,30.14
0c88762b-e087-43c4-887b-757b32315770,62.0,Female,2025-11-26,727.1,74072.61,86.94
66e1eab7-d989-4681-9c16-1772f23783b4,,Male,2024-03-08,582.6,64181.25,
7e88de14-3747-4684-8a8b-ac6ceee894dd,,Other,2024-04-07,281.42,33609.45,
93d2d384-37d4-49e8-ad3c-652217478e95,43.0,Other,2024-04-27,88.63,10250.39,25.77
08f1552a-54df-4deb-be8d-86b056dff51a,64.0,Male,2025-02-12,,,
bbc7c351-c6d3-46d2-93fa-edc30e07b605,39.0,Female,2023-12-14,895.25,92126.53,73.55
208e0ac4-f432-4b33-aa64-ed9c4dad390f,64.0,Male,2024-04-05,199.95,16543.81,53.61
a11498c6-3b03-4b5a-a644-e2c4b3e9be98,47.0,Male,2025-02-18,,,
07e45cbf-997c-477c-ab2e-1431614660d6,60.0,Other,2025-11-15,234.39,15379.46,49.94
a347030f-3c15-4967-b815-95ba75fdac7e,65.0,Female,2024-03-25,361.45,40542.4,69.21
6311837f-ac13-478a-b7c5-a987bc572314,34.0,Other,2025-05-31,78.73,549.92,28.75
02042400-27cd-479d-8c52-e78a5fb7b717,43.0,Male,2025-05-13,523.87,53218.8,52.66
a735d01d-02dd-45dc-b20d-cdee31aa0022,53.0,Other,2024-03-30,76.94,2114.74,37.9
653dfc0e-e4ad-4ae8-aac5-b64a38b28654,18.0,Female,2025-09-01,802.35,82875.96,40.24
4d55ec06-2f93-4ae3-862e-905af3a5e820,25.0,Male,2025-09-01,241.37,22892.12,6.47
34b03d82-2d48-41a5-886a-0a6ae10e6210,66.0,Male,2025-11-28,544.61,45925.1,77.73
e71ddd11-8746-41bc-a6f0-502a2ac705df,52.0,Other,2024-10-08,881.28,90239.07,78.07
82e663a1-fb06-4b15-83b0-6a1cdc22f067,69.0,Female,2024-04-07,654.37,62171.0,84.67
ef8ac94e-4f89-4f27-8bc9-8cbf5d6c49da,32.0,Female,2024-05-12,537.63,57594.8,36.76
593f6eb9-c40f-4e57-9158-bac36bb48215,64.0,Female,2024-08-24,,,
ef8fa0d5-1723-463c-81cb-ba22b776fcf4,39.0,Female,2025-03-15,339.67,35035.19,35.06
8d783a94-d66b-4930-9a74-d54d9cb874ea,31.0,Female,2024-08-14,672.79,62145.93,51.32
d12bda22-dbd9-4ebc-a2c7-8e04b9ae0c17,43.0,Male,2023-12-29,994.2,96671.99,72.43
8deda539-6f8e-4508-b565-904d0bf1fe22,45.0,Male,2025-10-25,665.22,63870.78,69.97
7ca7f376-3df6-47f9-9a16-eeac9f933555,40.0,Female,2025-01-01,562.21,59972.17,51.57
6e2a7616-218c-4e26-bccf-0a61f00f3a64,,Female,2025-09-14,733.34,81478.12,
7837aaed-2f51-4a30-a778-2e7c2586d92c,41.0,Male,,470.55,42341.7,45.09
4ef2f051-4b8a-4e31-8d0e-f2bc6e43332a,19.0,Male,2025-10-17,69.54,10972.22,0.52
241b0968-e37f-4d7e-87a4-161d1f8afe76,62.0,Female,2025-11-25,566.67,45293.82,60.24
87653826-ac84-4887-9282-3b82959911c2,43.0,Female,2024-05-11,958.05,89971.54,80.48
5f5b0115-51da-4cf3-9e13-cc83329f31d2,31.0,Male,2024-11-30,183.55,12388.01,24.85
1cbfe4ab-c969-4819-84a1-db13358b9c5a,68.0,Other,2024-03-26,693.1,62236.6,86.19
b694e492-3f09-4efb-b7e7-e08b6128a11c,24.0,Other,2025-09-16,208.92,11843.9,16.59
4b6ad45a-be16-4a38-a2aa-a6cdd82b7412,20.0,Other,2024-01-08,540.47,55542.87,21.79
4468f752-f1ba-4972-8057-f3d3251981c8,64.0,Male,2025-01-18,105.71,8195.85,47.31
312bfe48-7cf8-472f-a934-ae2bfd1b6b8a,40.0,Male,2024-03-31,455.87,46771.74,48.21
95665f57-95b3-4b63-89de-ed9f859a7de4,63.0,,2025-11-22,758.6,79112.35,76.69
a161ab32-cd66-4e42-a835-4a1bddd362b7,60.0,Other,2025-03-21,354.1,35853.59,45.78
41e7a56e-3844-4c36-aee0-108d831ac035,64.0,Female,2025-04-02,668.26,69761.93,77.2
4b602c18-1e2f-4c81-b535-aaa79d0cb5a5,62.0,,2025-07-23,797.5,79268.15,82.24
252cf2f3-937e-4518-9de0-52fe621a05cd,,Male,2025-04-27,927.91,86942.51,
e8635c38-932d-43ea-96e7-3ca60e08f536,,Male,2024-01-28,242.3,28445.39,
